08:44:47.060 [main] INFO  o.h.validator.internal.util.Version - HV000001: Hibernate Validator 9.1.0.Final
08:44:48.052 [main] INFO  o.s.b.t.c.SpringBootTestContextBootstrapper - Found @SpringBootConfiguration org.springframework.samples.petclinic.PetClinicApplication for test class org.springframework.samples.petclinic.rest.controller.OwnerRestControllerV1Tests
08:44:48.609 [main] INFO  o.s.s.p.r.c.OwnerRestControllerV1Tests - Starting OwnerRestControllerV1Tests using Java 21.0.5 with PID 6384 (started by 6309487 in E:\Fall 2026\maintenance de logiciel\projet-legacy-team-a-e)
08:44:48.609 [main] DEBUG o.s.s.p.r.c.OwnerRestControllerV1Tests - Running with Spring Boot v4.1.0, Spring v7.0.8
08:44:48.610 [main] INFO  o.s.s.p.r.c.OwnerRestControllerV1Tests - The following 2 profiles are active: "hsqldb", "spring-data-jpa"
08:44:50.187 [main] INFO  o.s.d.r.c.RepositoryConfigurationDelegate - Bootstrapping Spring Data JPA repositories in DEFAULT mode.
08:44:50.337 [main] INFO  o.s.d.r.c.RepositoryConfigurationDelegate - Finished Spring Data repository scanning in 134 ms. Found 7 JPA repository interfaces.
08:44:52.960 [main] INFO  com.zaxxer.hikari.HikariDataSource - HikariPool-1 - Starting...
08:44:53.654 [main] INFO  com.zaxxer.hikari.pool.PoolBase - HikariPool-1 - Driver does not support get/set network timeout for connections. (feature not supported)
08:44:53.660 [main] INFO  com.zaxxer.hikari.pool.HikariPool - HikariPool-1 - Added connection org.hsqldb.jdbc.JDBCConnection@58576690
08:44:53.664 [main] INFO  com.zaxxer.hikari.HikariDataSource - HikariPool-1 - Start completed.
08:44:53.938 [main] INFO  org.hibernate.orm.jpa - HHH008540: Processing PersistenceUnitInfo [name: default]
08:44:54.119 [main] INFO  org.hibernate.orm.core - HHH000001: Hibernate ORM core version 7.4.1.Final
08:44:54.924 [main] INFO  o.s.o.j.p.SpringPersistenceUnitInfo - No LoadTimeWeaver setup: ignoring JPA class transformer
08:44:55.161 [main] INFO  o.hibernate.orm.connections.pooling - HHH10001005: Database info:
	Database JDBC URL [jdbc:hsqldb:mem:petclinic]
	Database driver: HSQL Database Engine Driver
	Database dialect: HSQLDialect
	Database version: 2.7.3
	Default catalog/schema: PUBLIC/PUBLIC
	Autocommit mode: undefined/unknown
	Isolation level: READ_COMMITTED [default READ_COMMITTED]
	JDBC fetch size: none
	Pool: DataSourceConnectionProvider
	Minimum pool size: undefined/unknown
	Maximum pool size: undefined/unknown
08:44:56.913 [main] INFO  org.hibernate.orm.core - HHH000489: No JTA platform available (set 'hibernate.transaction.jta.platform' to enable JTA platform integration)
08:44:56.923 [main] INFO  o.s.o.j.LocalContainerEntityManagerFactoryBean - Initialized JPA EntityManagerFactory for persistence unit 'default'
08:44:57.493 [main] INFO  o.s.d.j.r.q.QueryEnhancerFactories - Hibernate is in classpath; If applicable, HQL parser will be used.
08:44:58.277 [main] WARN  o.s.s.c.a.a.c.InitializeUserDetailsBeanManagerConfigurer$InitializeUserDetailsManagerConfigurer - Global AuthenticationManager configured with an AuthenticationProvider bean. UserDetailsService beans will not be used by Spring Security for automatically configuring username/password login. Consider removing the AuthenticationProvider bean. Alternatively, consider using the UserDetailsService in a manually instantiated DaoAuthenticationProvider. If the current configuration is intentional, to turn off this warning, increase the logging level of 'org.springframework.security.config.annotation.authentication.configuration.InitializeUserDetailsBeanManagerConfigurer' to ERROR
08:45:00.713 [main] WARN  o.s.b.s.a.UserDetailsServiceAutoConfiguration - 

Using generated security password: 18235b93-7a68-4472-8b1d-bf45a5cdebd3

This generated password is for development use only. Your security configuration must be updated before running your application in production.

08:45:00.838 [main] INFO  o.s.b.a.e.web.EndpointLinksResolver - Exposing 1 endpoint beneath base path '/actuator'
08:45:00.913 [main] INFO  o.s.s.p.r.c.OwnerRestControllerV1Tests - Started OwnerRestControllerV1Tests in 12.63 seconds (process running for 15.975)
08:45:01.010 [main] WARN  o.s.c.events.SpringDocAppInitializer - SpringDoc /v3/api-docs endpoint is enabled by default. To disable it in production, set the property 'springdoc.api-docs.enabled=false'
08:45:01.010 [main] WARN  o.s.c.events.SpringDocAppInitializer - SpringDoc /swagger-ui.html endpoint is enabled by default. To disable it in production, set the property 'springdoc.swagger-ui.enabled=false'
08:45:01.079 [main] INFO  o.s.mock.web.MockServletContext - Initializing Spring TestDispatcherServlet ''
08:45:01.079 [main] INFO  o.s.t.w.s.TestDispatcherServlet - Initializing Servlet ''
08:45:01.079 [main] INFO  o.s.t.w.s.TestDispatcherServlet - Completed initialization in 0 ms
08:45:01.440 [main] INFO  o.s.mock.web.MockServletContext - Initializing Spring TestDispatcherServlet ''
08:45:01.440 [main] INFO  o.s.t.w.s.TestDispatcherServlet - Initializing Servlet ''
08:45:01.440 [main] INFO  o.s.t.w.s.TestDispatcherServlet - Completed initialization in 0 ms
08:45:01.482 [main] INFO  o.s.mock.web.MockServletContext - Initializing Spring TestDispatcherServlet ''
08:45:01.483 [main] INFO  o.s.t.w.s.TestDispatcherServlet - Initializing Servlet ''
08:45:01.483 [main] INFO  o.s.t.w.s.TestDispatcherServlet - Completed initialization in 0 ms
08:45:01.499 [main] INFO  o.s.mock.web.MockServletContext - Initializing Spring TestDispatcherServlet ''
08:45:01.499 [main] INFO  o.s.t.w.s.TestDispatcherServlet - Initializing Servlet ''
08:45:01.499 [main] INFO  o.s.t.w.s.TestDispatcherServlet - Completed initialization in 0 ms
08:45:01.528 [main] ERROR o.s.s.p.r.a.ExceptionControllerAdvice - Unexpected error at POST /api/owners/1/pets
java.lang.IllegalStateException: JDBC timeout while executing insert into pets
	at org.springframework.samples.petclinic.rest.controller.v1.OwnerRestControllerV1.addPetToOwner(OwnerRestControllerV1.java:160)
	at java.base/jdk.internal.reflect.DirectMethodHandleAccessor.invoke(DirectMethodHandleAccessor.java:103)
	at java.base/java.lang.reflect.Method.invoke(Method.java:580)
	at org.springframework.aop.support.AopUtils.invokeJoinpointUsingReflection(AopUtils.java:359)
	at org.springframework.aop.framework.ReflectiveMethodInvocation.invokeJoinpoint(ReflectiveMethodInvocation.java:190)
	at org.springframework.aop.framework.ReflectiveMethodInvocation.proceed(ReflectiveMethodInvocation.java:158)
	at org.springframework.validation.beanvalidation.MethodValidationInterceptor.invoke(MethodValidationInterceptor.java:172)
	at org.springframework.aop.framework.ReflectiveMethodInvocation.proceed(ReflectiveMethodInvocation.java:179)
	at org.springframework.security.authorization.method.AuthorizationManagerBeforeMethodInterceptor.proceed(AuthorizationManagerBeforeMethodInterceptor.java:271)
	at org.springframework.security.authorization.method.AuthorizationManagerBeforeMethodInterceptor.attemptAuthorization(AuthorizationManagerBeforeMethodInterceptor.java:266)
	at org.springframework.security.authorization.method.AuthorizationManagerBeforeMethodInterceptor.invoke(AuthorizationManagerBeforeMethodInterceptor.java:197)
	at org.springframework.security.config.annotation.method.configuration.DeferringMethodInterceptor.invoke(DeferringMethodInterceptor.java:44)
	at org.springframework.aop.framework.ReflectiveMethodInvocation.proceed(ReflectiveMethodInvocation.java:179)
	at org.springframework.aop.framework.CglibAopProxy$DynamicAdvisedInterceptor.intercept(CglibAopProxy.java:719)
	at org.springframework.samples.petclinic.rest.controller.v1.OwnerRestControllerV1$$SpringCGLIB$$0.addPetToOwner(<generated>)
	at java.base/jdk.internal.reflect.DirectMethodHandleAccessor.invoke(DirectMethodHandleAccessor.java:103)
	at java.base/java.lang.reflect.Method.invoke(Method.java:580)
	at org.springframework.web.method.support.InvocableHandlerMethod.doInvoke(InvocableHandlerMethod.java:252)
	at org.springframework.web.method.support.InvocableHandlerMethod.invokeForRequest(InvocableHandlerMethod.java:184)
	at org.springframework.web.servlet.mvc.method.annotation.ServletInvocableHandlerMethod.invokeAndHandle(ServletInvocableHandlerMethod.java:117)
	at org.springframework.web.servlet.mvc.method.annotation.RequestMappingHandlerAdapter.invokeHandlerMethod(RequestMappingHandlerAdapter.java:934)
	at org.springframework.web.servlet.mvc.method.annotation.RequestMappingHandlerAdapter.handleInternal(RequestMappingHandlerAdapter.java:853)
	at org.springframework.web.servlet.mvc.method.AbstractHandlerMethodAdapter.handle(AbstractHandlerMethodAdapter.java:86)
	at org.springframework.web.servlet.DispatcherServlet.doDispatch(DispatcherServlet.java:963)
	at org.springframework.web.servlet.DispatcherServlet.doService(DispatcherServlet.java:866)
	at org.springframework.web.servlet.FrameworkServlet.processRequest(FrameworkServlet.java:1000)
	at org.springframework.web.servlet.FrameworkServlet.doPost(FrameworkServlet.java:903)
	at jakarta.servlet.http.HttpServlet.service(HttpServlet.java:649)
	at org.springframework.web.servlet.FrameworkServlet.service(FrameworkServlet.java:874)
	at org.springframework.test.web.servlet.TestDispatcherServlet.service(TestDispatcherServlet.java:72)
	at jakarta.servlet.http.HttpServlet.service(HttpServlet.java:710)
	at org.springframework.mock.web.MockFilterChain$ServletFilterProxy.doFilter(MockFilterChain.java:160)
	at org.springframework.mock.web.MockFilterChain.doFilter(MockFilterChain.java:127)
	at org.springframework.test.web.servlet.MockMvc.perform(MockMvc.java:199)
	at org.springframework.samples.petclinic.rest.controller.OwnerRestControllerV1Tests.testCreatePetWithUnexpectedErrorShouldReturnInternalServerErrorWithGenericDetail(OwnerRestControllerV1Tests.java:492)
	at java.base/jdk.internal.reflect.DirectMethodHandleAccessor.invoke(DirectMethodHandleAccessor.java:103)
	at java.base/java.lang.reflect.Method.invoke(Method.java:580)
	at org.junit.platform.commons.util.ReflectionUtils.invokeMethod(ReflectionUtils.java:701)
	at org.junit.platform.commons.support.ReflectionSupport.invokeMethod(ReflectionSupport.java:502)
	at org.junit.jupiter.engine.support.MethodReflectionUtils.invoke(MethodReflectionUtils.java:45)
	at org.junit.jupiter.engine.execution.MethodInvocation.proceed(MethodInvocation.java:61)
	at org.junit.jupiter.engine.execution.InvocationInterceptorChain$ValidatingInvocation.proceed(InvocationInterceptorChain.java:124)
	at org.junit.jupiter.engine.extension.TimeoutExtension.intercept(TimeoutExtension.java:163)
	at org.junit.jupiter.engine.extension.TimeoutExtension.interceptTestableMethod(TimeoutExtension.java:148)
	at org.junit.jupiter.engine.extension.TimeoutExtension.interceptTestMethod(TimeoutExtension.java:86)
	at org.junit.jupiter.engine.execution.InterceptingExecutableInvoker$ReflectiveInterceptorCall.lambda$ofVoidMethod$0(InterceptingExecutableInvoker.java:123)
	at org.junit.jupiter.engine.execution.InterceptingExecutableInvoker.lambda$invoke$0(InterceptingExecutableInvoker.java:105)
	at org.junit.jupiter.engine.execution.InvocationInterceptorChain$InterceptedInvocation.proceed(InvocationInterceptorChain.java:99)
	at org.junit.jupiter.engine.execution.InvocationInterceptorChain.proceed(InvocationInterceptorChain.java:66)
	at org.junit.jupiter.engine.execution.InvocationInterceptorChain.chainAndInvoke(InvocationInterceptorChain.java:47)
	at org.junit.jupiter.engine.execution.InvocationInterceptorChain.invoke(InvocationInterceptorChain.java:39)
	at org.junit.jupiter.engine.execution.InterceptingExecutableInvoker.invoke(InterceptingExecutableInvoker.java:104)
	at org.junit.jupiter.engine.execution.InterceptingExecutableInvoker.invoke(InterceptingExecutableInvoker.java:98)
	at org.junit.jupiter.engine.execution.InterceptingExecutableInvoker.invokeVoid(InterceptingExecutableInvoker.java:71)
	at org.junit.jupiter.engine.descriptor.TestMethodTestDescriptor.lambda$invokeTestMethod$0(TestMethodTestDescriptor.java:219)
	at org.junit.platform.engine.support.hierarchical.ThrowableCollector.execute(ThrowableCollector.java:74)
	at org.junit.jupiter.engine.descriptor.TestMethodTestDescriptor.invokeTestMethod(TestMethodTestDescriptor.java:215)
	at org.junit.jupiter.engine.descriptor.TestMethodTestDescriptor.execute(TestMethodTestDescriptor.java:157)
	at org.junit.jupiter.engine.descriptor.TestMethodTestDescriptor.execute(TestMethodTestDescriptor.java:70)
	at org.junit.platform.engine.support.hierarchical.NodeTestTask.lambda$executeRecursively$2(NodeTestTask.java:176)
	at org.junit.platform.engine.support.hierarchical.ThrowableCollector.execute(ThrowableCollector.java:74)
	at org.junit.platform.engine.support.hierarchical.NodeTestTask.lambda$executeRecursively$1(NodeTestTask.java:166)
	at org.junit.platform.engine.support.hierarchical.Node.around(Node.java:138)
	at org.junit.platform.engine.support.hierarchical.NodeTestTask.lambda$executeRecursively$0(NodeTestTask.java:164)
	at org.junit.platform.engine.support.hierarchical.ThrowableCollector.execute(ThrowableCollector.java:74)
	at org.junit.platform.engine.support.hierarchical.NodeTestTask.executeRecursively(NodeTestTask.java:163)
	at org.junit.platform.engine.support.hierarchical.NodeTestTask.execute(NodeTestTask.java:116)
	at java.base/java.util.ArrayList.forEach(ArrayList.java:1596)
	at org.junit.platform.engine.support.hierarchical.SameThreadHierarchicalTestExecutorService.invokeAll(SameThreadHierarchicalTestExecutorService.java:42)
	at org.junit.platform.engine.support.hierarchical.NodeTestTask.lambda$executeRecursively$2(NodeTestTask.java:180)
	at org.junit.platform.engine.support.hierarchical.ThrowableCollector.execute(ThrowableCollector.java:74)
	at org.junit.platform.engine.support.hierarchical.NodeTestTask.lambda$executeRecursively$1(NodeTestTask.java:166)
	at org.junit.platform.engine.support.hierarchical.Node.around(Node.java:138)
	at org.junit.platform.engine.support.hierarchical.NodeTestTask.lambda$executeRecursively$0(NodeTestTask.java:164)
	at org.junit.platform.engine.support.hierarchical.ThrowableCollector.execute(ThrowableCollector.java:74)
	at org.junit.platform.engine.support.hierarchical.NodeTestTask.executeRecursively(NodeTestTask.java:163)
	at org.junit.platform.engine.support.hierarchical.NodeTestTask.execute(NodeTestTask.java:116)
	at java.base/java.util.ArrayList.forEach(ArrayList.java:1596)
	at org.junit.platform.engine.support.hierarchical.SameThreadHierarchicalTestExecutorService.invokeAll(SameThreadHierarchicalTestExecutorService.java:42)
	at org.junit.platform.engine.support.hierarchical.NodeTestTask.lambda$executeRecursively$2(NodeTestTask.java:180)
	at org.junit.platform.engine.support.hierarchical.ThrowableCollector.execute(ThrowableCollector.java:74)
	at org.junit.platform.engine.support.hierarchical.NodeTestTask.lambda$executeRecursively$1(NodeTestTask.java:166)
	at org.junit.platform.engine.support.hierarchical.Node.around(Node.java:138)
	at org.junit.platform.engine.support.hierarchical.NodeTestTask.lambda$executeRecursively$0(NodeTestTask.java:164)
	at org.junit.platform.engine.support.hierarchical.ThrowableCollector.execute(ThrowableCollector.java:74)
	at org.junit.platform.engine.support.hierarchical.NodeTestTask.executeRecursively(NodeTestTask.java:163)
	at org.junit.platform.engine.support.hierarchical.NodeTestTask.execute(NodeTestTask.java:116)
	at org.junit.platform.engine.support.hierarchical.SameThreadHierarchicalTestExecutorService.submit(SameThreadHierarchicalTestExecutorService.java:36)
	at org.junit.platform.engine.support.hierarchical.HierarchicalTestExecutor.execute(HierarchicalTestExecutor.java:52)
	at org.junit.platform.engine.support.hierarchical.HierarchicalTestEngine.execute(HierarchicalTestEngine.java:58)
	at org.junit.platform.launcher.core.EngineExecutionOrchestrator.executeEngine(EngineExecutionOrchestrator.java:246)
	at org.junit.platform.launcher.core.EngineExecutionOrchestrator.failOrExecuteEngine(EngineExecutionOrchestrator.java:218)
	at org.junit.platform.launcher.core.EngineExecutionOrchestrator.execute(EngineExecutionOrchestrator.java:179)
	at org.junit.platform.launcher.core.EngineExecutionOrchestrator.execute(EngineExecutionOrchestrator.java:108)
	at org.junit.platform.launcher.core.EngineExecutionOrchestrator.lambda$execute$0(EngineExecutionOrchestrator.java:66)
	at org.junit.platform.launcher.core.EngineExecutionOrchestrator.withInterceptedStreams(EngineExecutionOrchestrator.java:157)
	at org.junit.platform.launcher.core.EngineExecutionOrchestrator.execute(EngineExecutionOrchestrator.java:65)
	at org.junit.platform.launcher.core.DefaultLauncher.execute(DefaultLauncher.java:125)
	at org.junit.platform.launcher.core.DefaultLauncher.execute(DefaultLauncher.java:114)
	at org.junit.platform.launcher.core.DelegatingLauncher.execute(DelegatingLauncher.java:58)
	at org.junit.platform.launcher.core.InterceptingLauncher.lambda$execute$2(InterceptingLauncher.java:57)
	at org.junit.platform.launcher.core.ClasspathAlignmentCheckingLauncherInterceptor.intercept(ClasspathAlignmentCheckingLauncherInterceptor.java:25)
	at org.junit.platform.launcher.core.InterceptingLauncher.execute(InterceptingLauncher.java:56)
	at org.junit.platform.launcher.core.DelegatingLauncher.execute(DelegatingLauncher.java:58)
	at java.base/jdk.internal.reflect.DirectMethodHandleAccessor.invoke(DirectMethodHandleAccessor.java:103)
	at java.base/java.lang.reflect.Method.invoke(Method.java:580)
	at org.apache.maven.surefire.api.util.ReflectionUtils.invokeMethodWithArray(ReflectionUtils.java:125)
	at org.apache.maven.surefire.junitplatform.LauncherAdapter.executeWithCancellationToken(LauncherAdapter.java:68)
	at org.apache.maven.surefire.junitplatform.LauncherAdapter.execute(LauncherAdapter.java:54)
	at org.apache.maven.surefire.junitplatform.JUnitPlatformProvider.execute(JUnitPlatformProvider.java:203)
	at org.apache.maven.surefire.junitplatform.JUnitPlatformProvider.invokeAllTests(JUnitPlatformProvider.java:168)
	at org.apache.maven.surefire.junitplatform.JUnitPlatformProvider.invoke(JUnitPlatformProvider.java:136)
	at org.apache.maven.surefire.booter.ForkedBooter.runSuitesInProcess(ForkedBooter.java:385)
	at org.apache.maven.surefire.booter.ForkedBooter.execute(ForkedBooter.java:162)
	at org.apache.maven.surefire.booter.ForkedBooter.run(ForkedBooter.java:507)
	at org.apache.maven.surefire.booter.ForkedBooter.main(ForkedBooter.java:495)
08:45:01.668 [main] INFO  o.s.mock.web.MockServletContext - Initializing Spring TestDispatcherServlet ''
08:45:01.669 [main] INFO  o.s.t.w.s.TestDispatcherServlet - Initializing Servlet ''
08:45:01.669 [main] INFO  o.s.t.w.s.TestDispatcherServlet - Completed initialization in 0 ms
08:45:01.695 [main] INFO  o.s.mock.web.MockServletContext - Initializing Spring TestDispatcherServlet ''
08:45:01.695 [main] INFO  o.s.t.w.s.TestDispatcherServlet - Initializing Servlet ''
08:45:01.695 [main] INFO  o.s.t.w.s.TestDispatcherServlet - Completed initialization in 0 ms
08:45:01.726 [main] INFO  o.s.mock.web.MockServletContext - Initializing Spring TestDispatcherServlet ''
08:45:01.726 [main] INFO  o.s.t.w.s.TestDispatcherServlet - Initializing Servlet ''
08:45:01.726 [main] INFO  o.s.t.w.s.TestDispatcherServlet - Completed initialization in 0 ms
08:45:01.745 [main] DEBUG o.s.s.p.r.a.ExceptionControllerAdvice - Validation error at PUT /api/owners/1: [Field error in object 'ownerFieldsDto' on field 'firstName': rejected value []; codes [Pattern.ownerFieldsDto.firstName,Pattern.firstName,Pattern.java.lang.String,Pattern]; arguments [org.springframework.context.support.DefaultMessageSourceResolvable: codes [ownerFieldsDto.firstName,firstName]; arguments []; default message [firstName],[Ljakarta.validation.constraints.Pattern$Flag;@3ffd4f9d,^[\p{L}]+([ '-][\p{L}]+){0,2}$]; default message [must match "^[\p{L}]+([ '-][\p{L}]+){0,2}$"], Field error in object 'ownerFieldsDto' on field 'firstName': rejected value []; codes [Size.ownerFieldsDto.firstName,Size.firstName,Size.java.lang.String,Size]; arguments [org.springframework.context.support.DefaultMessageSourceResolvable: codes [ownerFieldsDto.firstName,firstName]; arguments []; default message [firstName],30,1]; default message [size must be between 1 and 30]]
08:45:01.773 [main] INFO  o.s.mock.web.MockServletContext - Initializing Spring TestDispatcherServlet ''
08:45:01.773 [main] INFO  o.s.t.w.s.TestDispatcherServlet - Initializing Servlet ''
08:45:01.773 [main] INFO  o.s.t.w.s.TestDispatcherServlet - Completed initialization in 0 ms
08:45:01.781 [main] DEBUG o.s.s.p.service.ClinicServiceImpl - 0
08:45:01.786 [main] WARN  o.s.s.p.service.ClinicServiceImpl - Il n'y a pas d'owners
08:45:01.797 [main] INFO  o.s.mock.web.MockServletContext - Initializing Spring TestDispatcherServlet ''
08:45:01.797 [main] INFO  o.s.t.w.s.TestDispatcherServlet - Initializing Servlet ''
08:45:01.797 [main] INFO  o.s.t.w.s.TestDispatcherServlet - Completed initialization in 0 ms
08:45:01.811 [main] DEBUG o.s.s.p.r.a.ExceptionControllerAdvice - Validation error at POST /api/owners/1/pets: [Field error in object 'petFieldsDto' on field 'type.name': rejected value []; codes [Size.petFieldsDto.type.name,Size.type.name,Size.name,Size.java.lang.String,Size]; arguments [org.springframework.context.support.DefaultMessageSourceResolvable: codes [petFieldsDto.type.name,type.name]; arguments []; default message [type.name],80,1]; default message [size must be between 1 and 80]]
08:45:01.844 [main] INFO  o.s.mock.web.MockServletContext - Initializing Spring TestDispatcherServlet ''
08:45:01.844 [main] INFO  o.s.t.w.s.TestDispatcherServlet - Initializing Servlet ''
08:45:01.844 [main] INFO  o.s.t.w.s.TestDispatcherServlet - Completed initialization in 0 ms
08:45:01.877 [main] INFO  o.s.mock.web.MockServletContext - Initializing Spring TestDispatcherServlet ''
08:45:01.877 [main] INFO  o.s.t.w.s.TestDispatcherServlet - Initializing Servlet ''
08:45:01.877 [main] INFO  o.s.t.w.s.TestDispatcherServlet - Completed initialization in 0 ms
08:45:01.887 [main] DEBUG o.s.s.p.r.a.ExceptionControllerAdvice - Validation error at POST /api/owners/1/pets: [Field error in object 'petFieldsDto' on field 'type': rejected value [null]; codes [NotNull.petFieldsDto.type,NotNull.type,NotNull.org.springframework.samples.petclinic.rest.dto.PetTypeDto,NotNull]; arguments [org.springframework.context.support.DefaultMessageSourceResolvable: codes [petFieldsDto.type,type]; arguments []; default message [type]]; default message [must not be null]]
08:45:01.910 [main] INFO  o.s.mock.web.MockServletContext - Initializing Spring TestDispatcherServlet ''
08:45:01.910 [main] INFO  o.s.t.w.s.TestDispatcherServlet - Initializing Servlet ''
08:45:01.911 [main] INFO  o.s.t.w.s.TestDispatcherServlet - Completed initialization in 0 ms
08:45:01.921 [main] ERROR o.s.s.p.r.a.ExceptionControllerAdvice - Unexpected error at POST /api/owners
java.lang.RuntimeException: Low-level persistence exception details
	at org.springframework.samples.petclinic.rest.controller.v1.OwnerRestControllerV1.addOwner(OwnerRestControllerV1.java:113)
	at java.base/jdk.internal.reflect.DirectMethodHandleAccessor.invoke(DirectMethodHandleAccessor.java:103)
	at java.base/java.lang.reflect.Method.invoke(Method.java:580)
	at org.springframework.aop.support.AopUtils.invokeJoinpointUsingReflection(AopUtils.java:359)
	at org.springframework.aop.framework.ReflectiveMethodInvocation.invokeJoinpoint(ReflectiveMethodInvocation.java:190)
	at org.springframework.aop.framework.ReflectiveMethodInvocation.proceed(ReflectiveMethodInvocation.java:158)
	at org.springframework.validation.beanvalidation.MethodValidationInterceptor.invoke(MethodValidationInterceptor.java:172)
	at org.springframework.aop.framework.ReflectiveMethodInvocation.proceed(ReflectiveMethodInvocation.java:179)
	at org.springframework.security.authorization.method.AuthorizationManagerBeforeMethodInterceptor.proceed(AuthorizationManagerBeforeMethodInterceptor.java:271)
	at org.springframework.security.authorization.method.AuthorizationManagerBeforeMethodInterceptor.attemptAuthorization(AuthorizationManagerBeforeMethodInterceptor.java:266)
	at org.springframework.security.authorization.method.AuthorizationManagerBeforeMethodInterceptor.invoke(AuthorizationManagerBeforeMethodInterceptor.java:197)
	at org.springframework.security.config.annotation.method.configuration.DeferringMethodInterceptor.invoke(DeferringMethodInterceptor.java:44)
	at org.springframework.aop.framework.ReflectiveMethodInvocation.proceed(ReflectiveMethodInvocation.java:179)
	at org.springframework.aop.framework.CglibAopProxy$DynamicAdvisedInterceptor.intercept(CglibAopProxy.java:719)
	at org.springframework.samples.petclinic.rest.controller.v1.OwnerRestControllerV1$$SpringCGLIB$$0.addOwner(<generated>)
	at java.base/jdk.internal.reflect.DirectMethodHandleAccessor.invoke(DirectMethodHandleAccessor.java:103)
	at java.base/java.lang.reflect.Method.invoke(Method.java:580)
	at org.springframework.web.method.support.InvocableHandlerMethod.doInvoke(InvocableHandlerMethod.java:252)
	at org.springframework.web.method.support.InvocableHandlerMethod.invokeForRequest(InvocableHandlerMethod.java:184)
	at org.springframework.web.servlet.mvc.method.annotation.ServletInvocableHandlerMethod.invokeAndHandle(ServletInvocableHandlerMethod.java:117)
	at org.springframework.web.servlet.mvc.method.annotation.RequestMappingHandlerAdapter.invokeHandlerMethod(RequestMappingHandlerAdapter.java:934)
	at org.springframework.web.servlet.mvc.method.annotation.RequestMappingHandlerAdapter.handleInternal(RequestMappingHandlerAdapter.java:853)
	at org.springframework.web.servlet.mvc.method.AbstractHandlerMethodAdapter.handle(AbstractHandlerMethodAdapter.java:86)
	at org.springframework.web.servlet.DispatcherServlet.doDispatch(DispatcherServlet.java:963)
	at org.springframework.web.servlet.DispatcherServlet.doService(DispatcherServlet.java:866)
	at org.springframework.web.servlet.FrameworkServlet.processRequest(FrameworkServlet.java:1000)
	at org.springframework.web.servlet.FrameworkServlet.doPost(FrameworkServlet.java:903)
	at jakarta.servlet.http.HttpServlet.service(HttpServlet.java:649)
	at org.springframework.web.servlet.FrameworkServlet.service(FrameworkServlet.java:874)
	at org.springframework.test.web.servlet.TestDispatcherServlet.service(TestDispatcherServlet.java:72)
	at jakarta.servlet.http.HttpServlet.service(HttpServlet.java:710)
	at org.springframework.mock.web.MockFilterChain$ServletFilterProxy.doFilter(MockFilterChain.java:160)
	at org.springframework.mock.web.MockFilterChain.doFilter(MockFilterChain.java:127)
	at org.springframework.test.web.servlet.MockMvc.perform(MockMvc.java:199)
	at org.springframework.samples.petclinic.rest.controller.OwnerRestControllerV1Tests.testCreateOwnerWithUnexpectedErrorShouldReturnInternalServerErrorWithGenericDetail(OwnerRestControllerV1Tests.java:510)
	at java.base/jdk.internal.reflect.DirectMethodHandleAccessor.invoke(DirectMethodHandleAccessor.java:103)
	at java.base/java.lang.reflect.Method.invoke(Method.java:580)
	at org.junit.platform.commons.util.ReflectionUtils.invokeMethod(ReflectionUtils.java:701)
	at org.junit.platform.commons.support.ReflectionSupport.invokeMethod(ReflectionSupport.java:502)
	at org.junit.jupiter.engine.support.MethodReflectionUtils.invoke(MethodReflectionUtils.java:45)
	at org.junit.jupiter.engine.execution.MethodInvocation.proceed(MethodInvocation.java:61)
	at org.junit.jupiter.engine.execution.InvocationInterceptorChain$ValidatingInvocation.proceed(InvocationInterceptorChain.java:124)
	at org.junit.jupiter.engine.extension.TimeoutExtension.intercept(TimeoutExtension.java:163)
	at org.junit.jupiter.engine.extension.TimeoutExtension.interceptTestableMethod(TimeoutExtension.java:148)
	at org.junit.jupiter.engine.extension.TimeoutExtension.interceptTestMethod(TimeoutExtension.java:86)
	at org.junit.jupiter.engine.execution.InterceptingExecutableInvoker$ReflectiveInterceptorCall.lambda$ofVoidMethod$0(InterceptingExecutableInvoker.java:123)
	at org.junit.jupiter.engine.execution.InterceptingExecutableInvoker.lambda$invoke$0(InterceptingExecutableInvoker.java:105)
	at org.junit.jupiter.engine.execution.InvocationInterceptorChain$InterceptedInvocation.proceed(InvocationInterceptorChain.java:99)
	at org.junit.jupiter.engine.execution.InvocationInterceptorChain.proceed(InvocationInterceptorChain.java:66)
	at org.junit.jupiter.engine.execution.InvocationInterceptorChain.chainAndInvoke(InvocationInterceptorChain.java:47)
	at org.junit.jupiter.engine.execution.InvocationInterceptorChain.invoke(InvocationInterceptorChain.java:39)
	at org.junit.jupiter.engine.execution.InterceptingExecutableInvoker.invoke(InterceptingExecutableInvoker.java:104)
	at org.junit.jupiter.engine.execution.InterceptingExecutableInvoker.invoke(InterceptingExecutableInvoker.java:98)
	at org.junit.jupiter.engine.execution.InterceptingExecutableInvoker.invokeVoid(InterceptingExecutableInvoker.java:71)
	at org.junit.jupiter.engine.descriptor.TestMethodTestDescriptor.lambda$invokeTestMethod$0(TestMethodTestDescriptor.java:219)
	at org.junit.platform.engine.support.hierarchical.ThrowableCollector.execute(ThrowableCollector.java:74)
	at org.junit.jupiter.engine.descriptor.TestMethodTestDescriptor.invokeTestMethod(TestMethodTestDescriptor.java:215)
	at org.junit.jupiter.engine.descriptor.TestMethodTestDescriptor.execute(TestMethodTestDescriptor.java:157)
	at org.junit.jupiter.engine.descriptor.TestMethodTestDescriptor.execute(TestMethodTestDescriptor.java:70)
	at org.junit.platform.engine.support.hierarchical.NodeTestTask.lambda$executeRecursively$2(NodeTestTask.java:176)
	at org.junit.platform.engine.support.hierarchical.ThrowableCollector.execute(ThrowableCollector.java:74)
	at org.junit.platform.engine.support.hierarchical.NodeTestTask.lambda$executeRecursively$1(NodeTestTask.java:166)
	at org.junit.platform.engine.support.hierarchical.Node.around(Node.java:138)
	at org.junit.platform.engine.support.hierarchical.NodeTestTask.lambda$executeRecursively$0(NodeTestTask.java:164)
	at org.junit.platform.engine.support.hierarchical.ThrowableCollector.execute(ThrowableCollector.java:74)
	at org.junit.platform.engine.support.hierarchical.NodeTestTask.executeRecursively(NodeTestTask.java:163)
	at org.junit.platform.engine.support.hierarchical.NodeTestTask.execute(NodeTestTask.java:116)
	at java.base/java.util.ArrayList.forEach(ArrayList.java:1596)
	at org.junit.platform.engine.support.hierarchical.SameThreadHierarchicalTestExecutorService.invokeAll(SameThreadHierarchicalTestExecutorService.java:42)
	at org.junit.platform.engine.support.hierarchical.NodeTestTask.lambda$executeRecursively$2(NodeTestTask.java:180)
	at org.junit.platform.engine.support.hierarchical.ThrowableCollector.execute(ThrowableCollector.java:74)
	at org.junit.platform.engine.support.hierarchical.NodeTestTask.lambda$executeRecursively$1(NodeTestTask.java:166)
	at org.junit.platform.engine.support.hierarchical.Node.around(Node.java:138)
	at org.junit.platform.engine.support.hierarchical.NodeTestTask.lambda$executeRecursively$0(NodeTestTask.java:164)
	at org.junit.platform.engine.support.hierarchical.ThrowableCollector.execute(ThrowableCollector.java:74)
	at org.junit.platform.engine.support.hierarchical.NodeTestTask.executeRecursively(NodeTestTask.java:163)
	at org.junit.platform.engine.support.hierarchical.NodeTestTask.execute(NodeTestTask.java:116)
	at java.base/java.util.ArrayList.forEach(ArrayList.java:1596)
	at org.junit.platform.engine.support.hierarchical.SameThreadHierarchicalTestExecutorService.invokeAll(SameThreadHierarchicalTestExecutorService.java:42)
	at org.junit.platform.engine.support.hierarchical.NodeTestTask.lambda$executeRecursively$2(NodeTestTask.java:180)
	at org.junit.platform.engine.support.hierarchical.ThrowableCollector.execute(ThrowableCollector.java:74)
	at org.junit.platform.engine.support.hierarchical.NodeTestTask.lambda$executeRecursively$1(NodeTestTask.java:166)
	at org.junit.platform.engine.support.hierarchical.Node.around(Node.java:138)
	at org.junit.platform.engine.support.hierarchical.NodeTestTask.lambda$executeRecursively$0(NodeTestTask.java:164)
	at org.junit.platform.engine.support.hierarchical.ThrowableCollector.execute(ThrowableCollector.java:74)
	at org.junit.platform.engine.support.hierarchical.NodeTestTask.executeRecursively(NodeTestTask.java:163)
	at org.junit.platform.engine.support.hierarchical.NodeTestTask.execute(NodeTestTask.java:116)
	at org.junit.platform.engine.support.hierarchical.SameThreadHierarchicalTestExecutorService.submit(SameThreadHierarchicalTestExecutorService.java:36)
	at org.junit.platform.engine.support.hierarchical.HierarchicalTestExecutor.execute(HierarchicalTestExecutor.java:52)
	at org.junit.platform.engine.support.hierarchical.HierarchicalTestEngine.execute(HierarchicalTestEngine.java:58)
	at org.junit.platform.launcher.core.EngineExecutionOrchestrator.executeEngine(EngineExecutionOrchestrator.java:246)
	at org.junit.platform.launcher.core.EngineExecutionOrchestrator.failOrExecuteEngine(EngineExecutionOrchestrator.java:218)
	at org.junit.platform.launcher.core.EngineExecutionOrchestrator.execute(EngineExecutionOrchestrator.java:179)
	at org.junit.platform.launcher.core.EngineExecutionOrchestrator.execute(EngineExecutionOrchestrator.java:108)
	at org.junit.platform.launcher.core.EngineExecutionOrchestrator.lambda$execute$0(EngineExecutionOrchestrator.java:66)
	at org.junit.platform.launcher.core.EngineExecutionOrchestrator.withInterceptedStreams(EngineExecutionOrchestrator.java:157)
	at org.junit.platform.launcher.core.EngineExecutionOrchestrator.execute(EngineExecutionOrchestrator.java:65)
	at org.junit.platform.launcher.core.DefaultLauncher.execute(DefaultLauncher.java:125)
	at org.junit.platform.launcher.core.DefaultLauncher.execute(DefaultLauncher.java:114)
	at org.junit.platform.launcher.core.DelegatingLauncher.execute(DelegatingLauncher.java:58)
	at org.junit.platform.launcher.core.InterceptingLauncher.lambda$execute$2(InterceptingLauncher.java:57)
	at org.junit.platform.launcher.core.ClasspathAlignmentCheckingLauncherInterceptor.intercept(ClasspathAlignmentCheckingLauncherInterceptor.java:25)
	at org.junit.platform.launcher.core.InterceptingLauncher.execute(InterceptingLauncher.java:56)
	at org.junit.platform.launcher.core.DelegatingLauncher.execute(DelegatingLauncher.java:58)
	at java.base/jdk.internal.reflect.DirectMethodHandleAccessor.invoke(DirectMethodHandleAccessor.java:103)
	at java.base/java.lang.reflect.Method.invoke(Method.java:580)
	at org.apache.maven.surefire.api.util.ReflectionUtils.invokeMethodWithArray(ReflectionUtils.java:125)
	at org.apache.maven.surefire.junitplatform.LauncherAdapter.executeWithCancellationToken(LauncherAdapter.java:68)
	at org.apache.maven.surefire.junitplatform.LauncherAdapter.execute(LauncherAdapter.java:54)
	at org.apache.maven.surefire.junitplatform.JUnitPlatformProvider.execute(JUnitPlatformProvider.java:203)
	at org.apache.maven.surefire.junitplatform.JUnitPlatformProvider.invokeAllTests(JUnitPlatformProvider.java:168)
	at org.apache.maven.surefire.junitplatform.JUnitPlatformProvider.invoke(JUnitPlatformProvider.java:136)
	at org.apache.maven.surefire.booter.ForkedBooter.runSuitesInProcess(ForkedBooter.java:385)
	at org.apache.maven.surefire.booter.ForkedBooter.execute(ForkedBooter.java:162)
	at org.apache.maven.surefire.booter.ForkedBooter.run(ForkedBooter.java:507)
	at org.apache.maven.surefire.booter.ForkedBooter.main(ForkedBooter.java:495)
08:45:01.936 [main] INFO  o.s.mock.web.MockServletContext - Initializing Spring TestDispatcherServlet ''
08:45:01.936 [main] INFO  o.s.t.w.s.TestDispatcherServlet - Initializing Servlet ''
08:45:01.936 [main] INFO  o.s.t.w.s.TestDispatcherServlet - Completed initialization in 0 ms
08:45:01.952 [main] WARN  o.s.s.p.r.a.ExceptionControllerAdvice - Data integrity violation at POST /api/owners/1/pets: could not execute statement; SQL [insert into pets ...]; constraint [fk_pet_owner]
08:45:01.952 [main] DEBUG o.s.s.p.r.a.ExceptionControllerAdvice - Data integrity violation stacktrace
org.springframework.dao.DataIntegrityViolationException: could not execute statement; SQL [insert into pets ...]; constraint [fk_pet_owner]
	at org.springframework.samples.petclinic.rest.controller.v1.OwnerRestControllerV1.addPetToOwner(OwnerRestControllerV1.java:160)
	at java.base/jdk.internal.reflect.DirectMethodHandleAccessor.invoke(DirectMethodHandleAccessor.java:103)
	at java.base/java.lang.reflect.Method.invoke(Method.java:580)
	at org.springframework.aop.support.AopUtils.invokeJoinpointUsingReflection(AopUtils.java:359)
	at org.springframework.aop.framework.ReflectiveMethodInvocation.invokeJoinpoint(ReflectiveMethodInvocation.java:190)
	at org.springframework.aop.framework.ReflectiveMethodInvocation.proceed(ReflectiveMethodInvocation.java:158)
	at org.springframework.validation.beanvalidation.MethodValidationInterceptor.invoke(MethodValidationInterceptor.java:172)
	at org.springframework.aop.framework.ReflectiveMethodInvocation.proceed(ReflectiveMethodInvocation.java:179)
	at org.springframework.security.authorization.method.AuthorizationManagerBeforeMethodInterceptor.proceed(AuthorizationManagerBeforeMethodInterceptor.java:271)
	at org.springframework.security.authorization.method.AuthorizationManagerBeforeMethodInterceptor.attemptAuthorization(AuthorizationManagerBeforeMethodInterceptor.java:266)
	at org.springframework.security.authorization.method.AuthorizationManagerBeforeMethodInterceptor.invoke(AuthorizationManagerBeforeMethodInterceptor.java:197)
	at org.springframework.security.config.annotation.method.configuration.DeferringMethodInterceptor.invoke(DeferringMethodInterceptor.java:44)
	at org.springframework.aop.framework.ReflectiveMethodInvocation.proceed(ReflectiveMethodInvocation.java:179)
	at org.springframework.aop.framework.CglibAopProxy$DynamicAdvisedInterceptor.intercept(CglibAopProxy.java:719)
	at org.springframework.samples.petclinic.rest.controller.v1.OwnerRestControllerV1$$SpringCGLIB$$0.addPetToOwner(<generated>)
	at java.base/jdk.internal.reflect.DirectMethodHandleAccessor.invoke(DirectMethodHandleAccessor.java:103)
	at java.base/java.lang.reflect.Method.invoke(Method.java:580)
	at org.springframework.web.method.support.InvocableHandlerMethod.doInvoke(InvocableHandlerMethod.java:252)
	at org.springframework.web.method.support.InvocableHandlerMethod.invokeForRequest(InvocableHandlerMethod.java:184)
	at org.springframework.web.servlet.mvc.method.annotation.ServletInvocableHandlerMethod.invokeAndHandle(ServletInvocableHandlerMethod.java:117)
	at org.springframework.web.servlet.mvc.method.annotation.RequestMappingHandlerAdapter.invokeHandlerMethod(RequestMappingHandlerAdapter.java:934)
	at org.springframework.web.servlet.mvc.method.annotation.RequestMappingHandlerAdapter.handleInternal(RequestMappingHandlerAdapter.java:853)
	at org.springframework.web.servlet.mvc.method.AbstractHandlerMethodAdapter.handle(AbstractHandlerMethodAdapter.java:86)
	at org.springframework.web.servlet.DispatcherServlet.doDispatch(DispatcherServlet.java:963)
	at org.springframework.web.servlet.DispatcherServlet.doService(DispatcherServlet.java:866)
	at org.springframework.web.servlet.FrameworkServlet.processRequest(FrameworkServlet.java:1000)
	at org.springframework.web.servlet.FrameworkServlet.doPost(FrameworkServlet.java:903)
	at jakarta.servlet.http.HttpServlet.service(HttpServlet.java:649)
	at org.springframework.web.servlet.FrameworkServlet.service(FrameworkServlet.java:874)
	at org.springframework.test.web.servlet.TestDispatcherServlet.service(TestDispatcherServlet.java:72)
	at jakarta.servlet.http.HttpServlet.service(HttpServlet.java:710)
	at org.springframework.mock.web.MockFilterChain$ServletFilterProxy.doFilter(MockFilterChain.java:160)
	at org.springframework.mock.web.MockFilterChain.doFilter(MockFilterChain.java:127)
	at org.springframework.test.web.servlet.MockMvc.perform(MockMvc.java:199)
	at org.springframework.samples.petclinic.rest.controller.OwnerRestControllerV1Tests.testCreatePetShouldNotExposeTechnicalDetails(OwnerRestControllerV1Tests.java:389)
	at java.base/jdk.internal.reflect.DirectMethodHandleAccessor.invoke(DirectMethodHandleAccessor.java:103)
	at java.base/java.lang.reflect.Method.invoke(Method.java:580)
	at org.junit.platform.commons.util.ReflectionUtils.invokeMethod(ReflectionUtils.java:701)
	at org.junit.platform.commons.support.ReflectionSupport.invokeMethod(ReflectionSupport.java:502)
	at org.junit.jupiter.engine.support.MethodReflectionUtils.invoke(MethodReflectionUtils.java:45)
	at org.junit.jupiter.engine.execution.MethodInvocation.proceed(MethodInvocation.java:61)
	at org.junit.jupiter.engine.execution.InvocationInterceptorChain$ValidatingInvocation.proceed(InvocationInterceptorChain.java:124)
	at org.junit.jupiter.engine.extension.TimeoutExtension.intercept(TimeoutExtension.java:163)
	at org.junit.jupiter.engine.extension.TimeoutExtension.interceptTestableMethod(TimeoutExtension.java:148)
	at org.junit.jupiter.engine.extension.TimeoutExtension.interceptTestMethod(TimeoutExtension.java:86)
	at org.junit.jupiter.engine.execution.InterceptingExecutableInvoker$ReflectiveInterceptorCall.lambda$ofVoidMethod$0(InterceptingExecutableInvoker.java:123)
	at org.junit.jupiter.engine.execution.InterceptingExecutableInvoker.lambda$invoke$0(InterceptingExecutableInvoker.java:105)
	at org.junit.jupiter.engine.execution.InvocationInterceptorChain$InterceptedInvocation.proceed(InvocationInterceptorChain.java:99)
	at org.junit.jupiter.engine.execution.InvocationInterceptorChain.proceed(InvocationInterceptorChain.java:66)
	at org.junit.jupiter.engine.execution.InvocationInterceptorChain.chainAndInvoke(InvocationInterceptorChain.java:47)
	at org.junit.jupiter.engine.execution.InvocationInterceptorChain.invoke(InvocationInterceptorChain.java:39)
	at org.junit.jupiter.engine.execution.InterceptingExecutableInvoker.invoke(InterceptingExecutableInvoker.java:104)
	at org.junit.jupiter.engine.execution.InterceptingExecutableInvoker.invoke(InterceptingExecutableInvoker.java:98)
	at org.junit.jupiter.engine.execution.InterceptingExecutableInvoker.invokeVoid(InterceptingExecutableInvoker.java:71)
	at org.junit.jupiter.engine.descriptor.TestMethodTestDescriptor.lambda$invokeTestMethod$0(TestMethodTestDescriptor.java:219)
	at org.junit.platform.engine.support.hierarchical.ThrowableCollector.execute(ThrowableCollector.java:74)
	at org.junit.jupiter.engine.descriptor.TestMethodTestDescriptor.invokeTestMethod(TestMethodTestDescriptor.java:215)
	at org.junit.jupiter.engine.descriptor.TestMethodTestDescriptor.execute(TestMethodTestDescriptor.java:157)
	at org.junit.jupiter.engine.descriptor.TestMethodTestDescriptor.execute(TestMethodTestDescriptor.java:70)
	at org.junit.platform.engine.support.hierarchical.NodeTestTask.lambda$executeRecursively$2(NodeTestTask.java:176)
	at org.junit.platform.engine.support.hierarchical.ThrowableCollector.execute(ThrowableCollector.java:74)
	at org.junit.platform.engine.support.hierarchical.NodeTestTask.lambda$executeRecursively$1(NodeTestTask.java:166)
	at org.junit.platform.engine.support.hierarchical.Node.around(Node.java:138)
	at org.junit.platform.engine.support.hierarchical.NodeTestTask.lambda$executeRecursively$0(NodeTestTask.java:164)
	at org.junit.platform.engine.support.hierarchical.ThrowableCollector.execute(ThrowableCollector.java:74)
	at org.junit.platform.engine.support.hierarchical.NodeTestTask.executeRecursively(NodeTestTask.java:163)
	at org.junit.platform.engine.support.hierarchical.NodeTestTask.execute(NodeTestTask.java:116)
	at java.base/java.util.ArrayList.forEach(ArrayList.java:1596)
	at org.junit.platform.engine.support.hierarchical.SameThreadHierarchicalTestExecutorService.invokeAll(SameThreadHierarchicalTestExecutorService.java:42)
	at org.junit.platform.engine.support.hierarchical.NodeTestTask.lambda$executeRecursively$2(NodeTestTask.java:180)
	at org.junit.platform.engine.support.hierarchical.ThrowableCollector.execute(ThrowableCollector.java:74)
	at org.junit.platform.engine.support.hierarchical.NodeTestTask.lambda$executeRecursively$1(NodeTestTask.java:166)
	at org.junit.platform.engine.support.hierarchical.Node.around(Node.java:138)
	at org.junit.platform.engine.support.hierarchical.NodeTestTask.lambda$executeRecursively$0(NodeTestTask.java:164)
	at org.junit.platform.engine.support.hierarchical.ThrowableCollector.execute(ThrowableCollector.java:74)
	at org.junit.platform.engine.support.hierarchical.NodeTestTask.executeRecursively(NodeTestTask.java:163)
	at org.junit.platform.engine.support.hierarchical.NodeTestTask.execute(NodeTestTask.java:116)
	at java.base/java.util.ArrayList.forEach(ArrayList.java:1596)
	at org.junit.platform.engine.support.hierarchical.SameThreadHierarchicalTestExecutorService.invokeAll(SameThreadHierarchicalTestExecutorService.java:42)
	at org.junit.platform.engine.support.hierarchical.NodeTestTask.lambda$executeRecursively$2(NodeTestTask.java:180)
	at org.junit.platform.engine.support.hierarchical.ThrowableCollector.execute(ThrowableCollector.java:74)
	at org.junit.platform.engine.support.hierarchical.NodeTestTask.lambda$executeRecursively$1(NodeTestTask.java:166)
	at org.junit.platform.engine.support.hierarchical.Node.around(Node.java:138)
	at org.junit.platform.engine.support.hierarchical.NodeTestTask.lambda$executeRecursively$0(NodeTestTask.java:164)
	at org.junit.platform.engine.support.hierarchical.ThrowableCollector.execute(ThrowableCollector.java:74)
	at org.junit.platform.engine.support.hierarchical.NodeTestTask.executeRecursively(NodeTestTask.java:163)
	at org.junit.platform.engine.support.hierarchical.NodeTestTask.execute(NodeTestTask.java:116)
	at org.junit.platform.engine.support.hierarchical.SameThreadHierarchicalTestExecutorService.submit(SameThreadHierarchicalTestExecutorService.java:36)
	at org.junit.platform.engine.support.hierarchical.HierarchicalTestExecutor.execute(HierarchicalTestExecutor.java:52)
	at org.junit.platform.engine.support.hierarchical.HierarchicalTestEngine.execute(HierarchicalTestEngine.java:58)
	at org.junit.platform.launcher.core.EngineExecutionOrchestrator.executeEngine(EngineExecutionOrchestrator.java:246)
	at org.junit.platform.launcher.core.EngineExecutionOrchestrator.failOrExecuteEngine(EngineExecutionOrchestrator.java:218)
	at org.junit.platform.launcher.core.EngineExecutionOrchestrator.execute(EngineExecutionOrchestrator.java:179)
	at org.junit.platform.launcher.core.EngineExecutionOrchestrator.execute(EngineExecutionOrchestrator.java:108)
	at org.junit.platform.launcher.core.EngineExecutionOrchestrator.lambda$execute$0(EngineExecutionOrchestrator.java:66)
	at org.junit.platform.launcher.core.EngineExecutionOrchestrator.withInterceptedStreams(EngineExecutionOrchestrator.java:157)
	at org.junit.platform.launcher.core.EngineExecutionOrchestrator.execute(EngineExecutionOrchestrator.java:65)
	at org.junit.platform.launcher.core.DefaultLauncher.execute(DefaultLauncher.java:125)
	at org.junit.platform.launcher.core.DefaultLauncher.execute(DefaultLauncher.java:114)
	at org.junit.platform.launcher.core.DelegatingLauncher.execute(DelegatingLauncher.java:58)
	at org.junit.platform.launcher.core.InterceptingLauncher.lambda$execute$2(InterceptingLauncher.java:57)
	at org.junit.platform.launcher.core.ClasspathAlignmentCheckingLauncherInterceptor.intercept(ClasspathAlignmentCheckingLauncherInterceptor.java:25)
	at org.junit.platform.launcher.core.InterceptingLauncher.execute(InterceptingLauncher.java:56)
	at org.junit.platform.launcher.core.DelegatingLauncher.execute(DelegatingLauncher.java:58)
	at java.base/jdk.internal.reflect.DirectMethodHandleAccessor.invoke(DirectMethodHandleAccessor.java:103)
	at java.base/java.lang.reflect.Method.invoke(Method.java:580)
	at org.apache.maven.surefire.api.util.ReflectionUtils.invokeMethodWithArray(ReflectionUtils.java:125)
	at org.apache.maven.surefire.junitplatform.LauncherAdapter.executeWithCancellationToken(LauncherAdapter.java:68)
	at org.apache.maven.surefire.junitplatform.LauncherAdapter.execute(LauncherAdapter.java:54)
	at org.apache.maven.surefire.junitplatform.JUnitPlatformProvider.execute(JUnitPlatformProvider.java:203)
	at org.apache.maven.surefire.junitplatform.JUnitPlatformProvider.invokeAllTests(JUnitPlatformProvider.java:168)
	at org.apache.maven.surefire.junitplatform.JUnitPlatformProvider.invoke(JUnitPlatformProvider.java:136)
	at org.apache.maven.surefire.booter.ForkedBooter.runSuitesInProcess(ForkedBooter.java:385)
	at org.apache.maven.surefire.booter.ForkedBooter.execute(ForkedBooter.java:162)
	at org.apache.maven.surefire.booter.ForkedBooter.run(ForkedBooter.java:507)
	at org.apache.maven.surefire.booter.ForkedBooter.main(ForkedBooter.java:495)
08:45:01.977 [main] INFO  o.s.mock.web.MockServletContext - Initializing Spring TestDispatcherServlet ''
08:45:01.978 [main] INFO  o.s.t.w.s.TestDispatcherServlet - Initializing Servlet ''
08:45:01.978 [main] INFO  o.s.t.w.s.TestDispatcherServlet - Completed initialization in 0 ms
08:45:01.981 [main] DEBUG o.s.s.p.service.ClinicServiceImpl - null
08:45:01.982 [main] WARN  o.s.s.p.service.ClinicServiceImpl - Il n'y a pas d'owners
08:45:02.002 [main] INFO  o.s.mock.web.MockServletContext - Initializing Spring TestDispatcherServlet ''
08:45:02.002 [main] INFO  o.s.t.w.s.TestDispatcherServlet - Initializing Servlet ''
08:45:02.002 [main] INFO  o.s.t.w.s.TestDispatcherServlet - Completed initialization in 0 ms
08:45:02.028 [main] INFO  o.s.mock.web.MockServletContext - Initializing Spring TestDispatcherServlet ''
08:45:02.028 [main] INFO  o.s.t.w.s.TestDispatcherServlet - Initializing Servlet ''
08:45:02.028 [main] INFO  o.s.t.w.s.TestDispatcherServlet - Completed initialization in 0 ms
08:45:02.044 [main] INFO  o.s.mock.web.MockServletContext - Initializing Spring TestDispatcherServlet ''
08:45:02.044 [main] INFO  o.s.t.w.s.TestDispatcherServlet - Initializing Servlet ''
08:45:02.044 [main] INFO  o.s.t.w.s.TestDispatcherServlet - Completed initialization in 0 ms
08:45:02.044 [main] DEBUG o.s.s.p.r.a.ExceptionControllerAdvice - Validation error at POST /api/owners/1/pets: [Field error in object 'petFieldsDto' on field 'name': rejected value [null]; codes [NotNull.petFieldsDto.name,NotNull.name,NotNull.java.lang.String,NotNull]; arguments [org.springframework.context.support.DefaultMessageSourceResolvable: codes [petFieldsDto.name,name]; arguments []; default message [name]]; default message [must not be null]]
08:45:02.077 [main] INFO  o.s.mock.web.MockServletContext - Initializing Spring TestDispatcherServlet ''
08:45:02.077 [main] INFO  o.s.t.w.s.TestDispatcherServlet - Initializing Servlet ''
08:45:02.077 [main] INFO  o.s.t.w.s.TestDispatcherServlet - Completed initialization in 0 ms
08:45:02.098 [main] INFO  o.s.mock.web.MockServletContext - Initializing Spring TestDispatcherServlet ''
08:45:02.098 [main] INFO  o.s.t.w.s.TestDispatcherServlet - Initializing Servlet ''
08:45:02.098 [main] INFO  o.s.t.w.s.TestDispatcherServlet - Completed initialization in 0 ms
08:45:02.098 [main] DEBUG o.s.s.p.service.ClinicServiceImpl - null
08:45:02.111 [main] INFO  o.s.mock.web.MockServletContext - Initializing Spring TestDispatcherServlet ''
08:45:02.111 [main] INFO  o.s.t.w.s.TestDispatcherServlet - Initializing Servlet ''
08:45:02.111 [main] INFO  o.s.t.w.s.TestDispatcherServlet - Completed initialization in 0 ms
08:45:02.128 [main] INFO  o.s.mock.web.MockServletContext - Initializing Spring TestDispatcherServlet ''
08:45:02.128 [main] INFO  o.s.t.w.s.TestDispatcherServlet - Initializing Servlet ''
08:45:02.128 [main] INFO  o.s.t.w.s.TestDispatcherServlet - Completed initialization in 0 ms
08:45:02.144 [main] INFO  o.s.mock.web.MockServletContext - Initializing Spring TestDispatcherServlet ''
08:45:02.144 [main] INFO  o.s.t.w.s.TestDispatcherServlet - Initializing Servlet ''
08:45:02.144 [main] INFO  o.s.t.w.s.TestDispatcherServlet - Completed initialization in 0 ms
08:45:02.144 [main] DEBUG o.s.s.p.service.ClinicServiceImpl - Davis
08:45:02.167 [main] INFO  o.s.mock.web.MockServletContext - Initializing Spring TestDispatcherServlet ''
08:45:02.167 [main] INFO  o.s.t.w.s.TestDispatcherServlet - Initializing Servlet ''
08:45:02.167 [main] INFO  o.s.t.w.s.TestDispatcherServlet - Completed initialization in 0 ms
08:45:02.180 [main] INFO  o.s.mock.web.MockServletContext - Initializing Spring TestDispatcherServlet ''
08:45:02.180 [main] INFO  o.s.t.w.s.TestDispatcherServlet - Initializing Servlet ''
08:45:02.180 [main] INFO  o.s.t.w.s.TestDispatcherServlet - Completed initialization in 0 ms
08:45:02.202 [main] INFO  o.s.mock.web.MockServletContext - Initializing Spring TestDispatcherServlet ''
08:45:02.202 [main] INFO  o.s.t.w.s.TestDispatcherServlet - Initializing Servlet ''
08:45:02.202 [main] INFO  o.s.t.w.s.TestDispatcherServlet - Completed initialization in 0 ms
08:45:02.228 [main] INFO  o.s.mock.web.MockServletContext - Initializing Spring TestDispatcherServlet ''
08:45:02.228 [main] INFO  o.s.t.w.s.TestDispatcherServlet - Initializing Servlet ''
08:45:02.228 [main] INFO  o.s.t.w.s.TestDispatcherServlet - Completed initialization in 0 ms
08:45:02.236 [main] DEBUG o.s.s.p.r.a.ExceptionControllerAdvice - Validation error at POST /api/owners: [Field error in object 'ownerFieldsDto' on field 'firstName': rejected value [null]; codes [NotNull.ownerFieldsDto.firstName,NotNull.firstName,NotNull.java.lang.String,NotNull]; arguments [org.springframework.context.support.DefaultMessageSourceResolvable: codes [ownerFieldsDto.firstName,firstName]; arguments []; default message [firstName]]; default message [must not be null]]
08:45:02.245 [main] INFO  o.s.mock.web.MockServletContext - Initializing Spring TestDispatcherServlet ''
08:45:02.245 [main] INFO  o.s.t.w.s.TestDispatcherServlet - Initializing Servlet ''
08:45:02.245 [main] INFO  o.s.t.w.s.TestDispatcherServlet - Completed initialization in 0 ms
08:45:02.283 [main] INFO  o.s.mock.web.MockServletContext - Initializing Spring TestDispatcherServlet ''
08:45:02.283 [main] INFO  o.s.t.w.s.TestDispatcherServlet - Initializing Servlet ''
08:45:02.283 [main] INFO  o.s.t.w.s.TestDispatcherServlet - Completed initialization in 0 ms
08:45:02.295 [main] INFO  o.s.mock.web.MockServletContext - Initializing Spring TestDispatcherServlet ''
08:45:02.295 [main] INFO  o.s.t.w.s.TestDispatcherServlet - Initializing Servlet ''
08:45:02.295 [main] INFO  o.s.t.w.s.TestDispatcherServlet - Completed initialization in 0 ms
08:45:02.310 [main] DEBUG o.s.s.p.r.a.ExceptionControllerAdvice - Validation error at POST /api/owners/1/pets: [Field error in object 'petFieldsDto' on field 'type.id': rejected value [null]; codes [NotNull.petFieldsDto.type.id,NotNull.type.id,NotNull.id,NotNull.java.lang.Integer,NotNull]; arguments [org.springframework.context.support.DefaultMessageSourceResolvable: codes [petFieldsDto.type.id,type.id]; arguments []; default message [type.id]]; default message [must not be null]]
08:45:02.328 [main] INFO  o.s.b.t.c.SpringBootTestContextBootstrapper - Found @SpringBootConfiguration org.springframework.samples.petclinic.PetClinicApplication for test class org.springframework.samples.petclinic.rest.controller.PetRestControllerV1Tests
08:45:02.349 [main] INFO  o.s.mock.web.MockServletContext - Initializing Spring TestDispatcherServlet ''
08:45:02.349 [main] INFO  o.s.t.w.s.TestDispatcherServlet - Initializing Servlet ''
08:45:02.349 [main] INFO  o.s.t.w.s.TestDispatcherServlet - Completed initialization in 0 ms
08:45:02.366 [main] INFO  o.s.mock.web.MockServletContext - Initializing Spring TestDispatcherServlet ''
08:45:02.366 [main] INFO  o.s.t.w.s.TestDispatcherServlet - Initializing Servlet ''
08:45:02.366 [main] INFO  o.s.t.w.s.TestDispatcherServlet - Completed initialization in 0 ms
08:45:02.379 [main] INFO  o.s.mock.web.MockServletContext - Initializing Spring TestDispatcherServlet ''
08:45:02.384 [main] INFO  o.s.t.w.s.TestDispatcherServlet - Initializing Servlet ''
08:45:02.384 [main] INFO  o.s.t.w.s.TestDispatcherServlet - Completed initialization in 0 ms
08:45:02.403 [main] INFO  o.s.mock.web.MockServletContext - Initializing Spring TestDispatcherServlet ''
08:45:02.403 [main] INFO  o.s.t.w.s.TestDispatcherServlet - Initializing Servlet ''
08:45:02.403 [main] INFO  o.s.t.w.s.TestDispatcherServlet - Completed initialization in 0 ms
08:45:02.411 [main] INFO  o.s.mock.web.MockServletContext - Initializing Spring TestDispatcherServlet ''
08:45:02.411 [main] INFO  o.s.t.w.s.TestDispatcherServlet - Initializing Servlet ''
08:45:02.411 [main] INFO  o.s.t.w.s.TestDispatcherServlet - Completed initialization in 0 ms
08:45:02.428 [main] WARN  o.h.v.i.m.a.CascadingMetaDataBuilder - HV000271: Using `@Valid` on a container (java.util.List) is deprecated. You should apply the annotation on the type argument(s). Affected element: PetDto#getVisits()
08:45:02.436 [main] WARN  o.h.v.i.m.a.CascadingMetaDataBuilder - HV000271: Using `@Valid` on a container (java.util.List) is deprecated. You should apply the annotation on the type argument(s). Affected element: PetDto#getVisits()
08:45:02.467 [main] WARN  o.h.v.i.m.a.CascadingMetaDataBuilder - HV000271: Using `@Valid` on a container (java.util.List) is deprecated. You should apply the annotation on the type argument(s). Affected element: PetDto#getVisits()
08:45:02.467 [main] WARN  o.h.v.i.m.a.CascadingMetaDataBuilder - HV000271: Using `@Valid` on a container (java.util.List) is deprecated. You should apply the annotation on the type argument(s). Affected element: PetDto#getVisits()
08:45:02.493 [main] INFO  o.s.mock.web.MockServletContext - Initializing Spring TestDispatcherServlet ''
08:45:02.494 [main] INFO  o.s.t.w.s.TestDispatcherServlet - Initializing Servlet ''
08:45:02.494 [main] INFO  o.s.t.w.s.TestDispatcherServlet - Completed initialization in 0 ms
08:45:02.499 [main] WARN  o.h.v.i.m.a.CascadingMetaDataBuilder - HV000271: Using `@Valid` on a container (java.util.List) is deprecated. You should apply the annotation on the type argument(s). Affected element: PetDto#getVisits()
08:45:02.499 [main] WARN  o.h.v.i.m.a.CascadingMetaDataBuilder - HV000271: Using `@Valid` on a container (java.util.List) is deprecated. You should apply the annotation on the type argument(s). Affected element: PetDto#getVisits()
08:45:02.511 [main] DEBUG o.s.s.p.r.a.ExceptionControllerAdvice - Validation error at PUT /api/pets/3: [Field error in object 'petDto' on field 'name': rejected value [null]; codes [NotNull.petDto.name,NotNull.name,NotNull.java.lang.String,NotNull]; arguments [org.springframework.context.support.DefaultMessageSourceResolvable: codes [petDto.name,name]; arguments []; default message [name]]; default message [must not be null]]
08:45:02.528 [main] INFO  o.s.mock.web.MockServletContext - Initializing Spring TestDispatcherServlet ''
08:45:02.528 [main] INFO  o.s.t.w.s.TestDispatcherServlet - Initializing Servlet ''
08:45:02.528 [main] INFO  o.s.t.w.s.TestDispatcherServlet - Completed initialization in 0 ms
08:45:02.539 [main] INFO  o.s.mock.web.MockServletContext - Initializing Spring TestDispatcherServlet ''
08:45:02.539 [main] INFO  o.s.t.w.s.TestDispatcherServlet - Initializing Servlet ''
08:45:02.539 [main] INFO  o.s.t.w.s.TestDispatcherServlet - Completed initialization in 0 ms
08:45:02.547 [main] INFO  o.s.b.t.c.SpringBootTestContextBootstrapper - Found @SpringBootConfiguration org.springframework.samples.petclinic.PetClinicApplication for test class org.springframework.samples.petclinic.rest.controller.PetTypeRestControllerV1Tests
08:45:02.560 [main] INFO  o.s.mock.web.MockServletContext - Initializing Spring TestDispatcherServlet ''
08:45:02.560 [main] INFO  o.s.t.w.s.TestDispatcherServlet - Initializing Servlet ''
08:45:02.561 [main] INFO  o.s.t.w.s.TestDispatcherServlet - Completed initialization in 1 ms
08:45:02.577 [main] INFO  o.s.mock.web.MockServletContext - Initializing Spring TestDispatcherServlet ''
08:45:02.577 [main] INFO  o.s.t.w.s.TestDispatcherServlet - Initializing Servlet ''
08:45:02.577 [main] INFO  o.s.t.w.s.TestDispatcherServlet - Completed initialization in 0 ms
08:45:02.588 [main] INFO  o.s.mock.web.MockServletContext - Initializing Spring TestDispatcherServlet ''
08:45:02.588 [main] INFO  o.s.t.w.s.TestDispatcherServlet - Initializing Servlet ''
08:45:02.588 [main] INFO  o.s.t.w.s.TestDispatcherServlet - Completed initialization in 0 ms
08:45:02.599 [main] INFO  o.s.mock.web.MockServletContext - Initializing Spring TestDispatcherServlet ''
08:45:02.599 [main] INFO  o.s.t.w.s.TestDispatcherServlet - Initializing Servlet ''
08:45:02.599 [main] INFO  o.s.t.w.s.TestDispatcherServlet - Completed initialization in 0 ms
08:45:02.604 [main] DEBUG o.s.s.p.r.a.ExceptionControllerAdvice - Validation error at PUT /api/pettypes/1: [Field error in object 'petTypeDto' on field 'name': rejected value []; codes [Size.petTypeDto.name,Size.name,Size.java.lang.String,Size]; arguments [org.springframework.context.support.DefaultMessageSourceResolvable: codes [petTypeDto.name,name]; arguments []; default message [name],80,1]; default message [size must be between 1 and 80]]
08:45:02.611 [main] INFO  o.s.mock.web.MockServletContext - Initializing Spring TestDispatcherServlet ''
08:45:02.611 [main] INFO  o.s.t.w.s.TestDispatcherServlet - Initializing Servlet ''
08:45:02.611 [main] INFO  o.s.t.w.s.TestDispatcherServlet - Completed initialization in 0 ms
08:45:02.636 [main] INFO  o.s.mock.web.MockServletContext - Initializing Spring TestDispatcherServlet ''
08:45:02.636 [main] INFO  o.s.t.w.s.TestDispatcherServlet - Initializing Servlet ''
08:45:02.636 [main] INFO  o.s.t.w.s.TestDispatcherServlet - Completed initialization in 0 ms
08:45:02.660 [main] INFO  o.s.mock.web.MockServletContext - Initializing Spring TestDispatcherServlet ''
08:45:02.660 [main] INFO  o.s.t.w.s.TestDispatcherServlet - Initializing Servlet ''
08:45:02.661 [main] INFO  o.s.t.w.s.TestDispatcherServlet - Completed initialization in 1 ms
08:45:02.673 [main] INFO  o.s.mock.web.MockServletContext - Initializing Spring TestDispatcherServlet ''
08:45:02.673 [main] INFO  o.s.t.w.s.TestDispatcherServlet - Initializing Servlet ''
08:45:02.673 [main] INFO  o.s.t.w.s.TestDispatcherServlet - Completed initialization in 0 ms
08:45:02.686 [main] INFO  o.s.mock.web.MockServletContext - Initializing Spring TestDispatcherServlet ''
08:45:02.686 [main] INFO  o.s.t.w.s.TestDispatcherServlet - Initializing Servlet ''
08:45:02.686 [main] INFO  o.s.t.w.s.TestDispatcherServlet - Completed initialization in 0 ms
08:45:02.700 [main] INFO  o.s.mock.web.MockServletContext - Initializing Spring TestDispatcherServlet ''
08:45:02.700 [main] INFO  o.s.t.w.s.TestDispatcherServlet - Initializing Servlet ''
08:45:02.700 [main] INFO  o.s.t.w.s.TestDispatcherServlet - Completed initialization in 0 ms
08:45:02.711 [main] INFO  o.s.mock.web.MockServletContext - Initializing Spring TestDispatcherServlet ''
08:45:02.711 [main] INFO  o.s.t.w.s.TestDispatcherServlet - Initializing Servlet ''
08:45:02.711 [main] INFO  o.s.t.w.s.TestDispatcherServlet - Completed initialization in 0 ms
08:45:02.736 [main] INFO  o.s.mock.web.MockServletContext - Initializing Spring TestDispatcherServlet ''
08:45:02.736 [main] INFO  o.s.t.w.s.TestDispatcherServlet - Initializing Servlet ''
08:45:02.736 [main] INFO  o.s.t.w.s.TestDispatcherServlet - Completed initialization in 0 ms
08:45:02.736 [main] DEBUG o.s.s.p.r.a.ExceptionControllerAdvice - Validation error at POST /api/pettypes: [Field error in object 'petTypeFieldsDto' on field 'name': rejected value [null]; codes [NotNull.petTypeFieldsDto.name,NotNull.name,NotNull.java.lang.String,NotNull]; arguments [org.springframework.context.support.DefaultMessageSourceResolvable: codes [petTypeFieldsDto.name,name]; arguments []; default message [name]]; default message [must not be null]]
08:45:02.749 [main] INFO  o.s.b.t.c.SpringBootTestContextBootstrapper - Found @SpringBootConfiguration org.springframework.samples.petclinic.PetClinicApplication for test class org.springframework.samples.petclinic.rest.controller.SpecialtyRestControllerV1Tests
08:45:02.761 [main] INFO  o.s.mock.web.MockServletContext - Initializing Spring TestDispatcherServlet ''
08:45:02.761 [main] INFO  o.s.t.w.s.TestDispatcherServlet - Initializing Servlet ''
08:45:02.764 [main] INFO  o.s.t.w.s.TestDispatcherServlet - Completed initialization in 3 ms
08:45:02.782 [main] INFO  o.s.mock.web.MockServletContext - Initializing Spring TestDispatcherServlet ''
08:45:02.782 [main] INFO  o.s.t.w.s.TestDispatcherServlet - Initializing Servlet ''
08:45:02.782 [main] INFO  o.s.t.w.s.TestDispatcherServlet - Completed initialization in 0 ms
08:45:02.787 [main] DEBUG o.s.s.p.r.a.ExceptionControllerAdvice - Validation error at PUT /api/specialties/1: [Field error in object 'specialtyDto' on field 'name': rejected value []; codes [Size.specialtyDto.name,Size.name,Size.java.lang.String,Size]; arguments [org.springframework.context.support.DefaultMessageSourceResolvable: codes [specialtyDto.name,name]; arguments []; default message [name],80,1]; default message [size must be between 1 and 80]]
08:45:02.800 [main] INFO  o.s.mock.web.MockServletContext - Initializing Spring TestDispatcherServlet ''
08:45:02.800 [main] INFO  o.s.t.w.s.TestDispatcherServlet - Initializing Servlet ''
08:45:02.804 [main] INFO  o.s.t.w.s.TestDispatcherServlet - Completed initialization in 4 ms
08:45:02.812 [main] INFO  o.s.mock.web.MockServletContext - Initializing Spring TestDispatcherServlet ''
08:45:02.812 [main] INFO  o.s.t.w.s.TestDispatcherServlet - Initializing Servlet ''
08:45:02.812 [main] INFO  o.s.t.w.s.TestDispatcherServlet - Completed initialization in 0 ms
08:45:02.812 [main] DEBUG o.s.s.p.r.a.ExceptionControllerAdvice - Validation error at POST /api/specialties: [Field error in object 'specialtyDto' on field 'name': rejected value [null]; codes [NotNull.specialtyDto.name,NotNull.name,NotNull.java.lang.String,NotNull]; arguments [org.springframework.context.support.DefaultMessageSourceResolvable: codes [specialtyDto.name,name]; arguments []; default message [name]]; default message [must not be null]]
08:45:02.830 [main] INFO  o.s.mock.web.MockServletContext - Initializing Spring TestDispatcherServlet ''
08:45:02.830 [main] INFO  o.s.t.w.s.TestDispatcherServlet - Initializing Servlet ''
08:45:02.830 [main] INFO  o.s.t.w.s.TestDispatcherServlet - Completed initialization in 0 ms
08:45:02.849 [main] INFO  o.s.mock.web.MockServletContext - Initializing Spring TestDispatcherServlet ''
08:45:02.849 [main] INFO  o.s.t.w.s.TestDispatcherServlet - Initializing Servlet ''
08:45:02.849 [main] INFO  o.s.t.w.s.TestDispatcherServlet - Completed initialization in 0 ms
08:45:02.860 [main] INFO  o.s.mock.web.MockServletContext - Initializing Spring TestDispatcherServlet ''
08:45:02.860 [main] INFO  o.s.t.w.s.TestDispatcherServlet - Initializing Servlet ''
08:45:02.861 [main] INFO  o.s.t.w.s.TestDispatcherServlet - Completed initialization in 1 ms
08:45:02.876 [main] INFO  o.s.mock.web.MockServletContext - Initializing Spring TestDispatcherServlet ''
08:45:02.876 [main] INFO  o.s.t.w.s.TestDispatcherServlet - Initializing Servlet ''
08:45:02.876 [main] INFO  o.s.t.w.s.TestDispatcherServlet - Completed initialization in 0 ms
08:45:02.887 [main] INFO  o.s.mock.web.MockServletContext - Initializing Spring TestDispatcherServlet ''
08:45:02.887 [main] INFO  o.s.t.w.s.TestDispatcherServlet - Initializing Servlet ''
08:45:02.887 [main] INFO  o.s.t.w.s.TestDispatcherServlet - Completed initialization in 0 ms
08:45:02.895 [main] INFO  o.s.mock.web.MockServletContext - Initializing Spring TestDispatcherServlet ''
08:45:02.895 [main] INFO  o.s.t.w.s.TestDispatcherServlet - Initializing Servlet ''
08:45:02.895 [main] INFO  o.s.t.w.s.TestDispatcherServlet - Completed initialization in 0 ms
08:45:02.912 [main] INFO  o.s.b.t.c.SpringBootTestContextBootstrapper - Found @SpringBootConfiguration org.springframework.samples.petclinic.PetClinicApplication for test class org.springframework.samples.petclinic.rest.controller.UserRestControllerV1Tests
08:45:02.965 [main] INFO  o.s.s.p.r.c.UserRestControllerV1Tests - Starting UserRestControllerV1Tests using Java 21.0.5 with PID 6384 (started by 6309487 in E:\Fall 2026\maintenance de logiciel\projet-legacy-team-a-e)
08:45:02.965 [main] DEBUG o.s.s.p.r.c.UserRestControllerV1Tests - Running with Spring Boot v4.1.0, Spring v7.0.8
08:45:02.965 [main] INFO  o.s.s.p.r.c.UserRestControllerV1Tests - The following 2 profiles are active: "hsqldb", "spring-data-jpa"
08:45:03.326 [main] INFO  o.s.d.r.c.RepositoryConfigurationDelegate - Bootstrapping Spring Data JPA repositories in DEFAULT mode.
08:45:03.379 [main] INFO  o.s.d.r.c.RepositoryConfigurationDelegate - Finished Spring Data repository scanning in 46 ms. Found 7 JPA repository interfaces.
08:45:03.502 [main] INFO  com.zaxxer.hikari.HikariDataSource - HikariPool-2 - Starting...
08:45:03.502 [main] INFO  com.zaxxer.hikari.pool.PoolBase - HikariPool-2 - Driver does not support get/set network timeout for connections. (feature not supported)
08:45:03.502 [main] INFO  com.zaxxer.hikari.pool.HikariPool - HikariPool-2 - Added connection org.hsqldb.jdbc.JDBCConnection@584f5725
08:45:03.502 [main] INFO  com.zaxxer.hikari.HikariDataSource - HikariPool-2 - Start completed.
08:45:03.550 [main] INFO  org.hibernate.orm.jpa - HHH008540: Processing PersistenceUnitInfo [name: default]
08:45:03.610 [main] INFO  o.s.o.j.p.SpringPersistenceUnitInfo - No LoadTimeWeaver setup: ignoring JPA class transformer
08:45:03.610 [main] INFO  o.hibernate.orm.connections.pooling - HHH10001005: Database info:
	Database JDBC URL [jdbc:hsqldb:mem:petclinic]
	Database driver: HSQL Database Engine Driver
	Database dialect: HSQLDialect
	Database version: 2.7.3
	Default catalog/schema: PUBLIC/PUBLIC
	Autocommit mode: undefined/unknown
	Isolation level: READ_COMMITTED [default READ_COMMITTED]
	JDBC fetch size: none
	Pool: DataSourceConnectionProvider
	Minimum pool size: undefined/unknown
	Maximum pool size: undefined/unknown
08:45:03.706 [main] INFO  org.hibernate.orm.core - HHH000489: No JTA platform available (set 'hibernate.transaction.jta.platform' to enable JTA platform integration)
08:45:03.707 [main] INFO  o.s.o.j.LocalContainerEntityManagerFactoryBean - Initialized JPA EntityManagerFactory for persistence unit 'default'
08:45:03.941 [main] WARN  o.s.s.c.a.a.c.InitializeUserDetailsBeanManagerConfigurer$InitializeUserDetailsManagerConfigurer - Global AuthenticationManager configured with an AuthenticationProvider bean. UserDetailsService beans will not be used by Spring Security for automatically configuring username/password login. Consider removing the AuthenticationProvider bean. Alternatively, consider using the UserDetailsService in a manually instantiated DaoAuthenticationProvider. If the current configuration is intentional, to turn off this warning, increase the logging level of 'org.springframework.security.config.annotation.authentication.configuration.InitializeUserDetailsBeanManagerConfigurer' to ERROR
08:45:04.132 [main] WARN  o.s.b.s.a.UserDetailsServiceAutoConfiguration - 

Using generated security password: b4d671ab-32c7-473d-aba4-70514baeb07b

This generated password is for development use only. Your security configuration must be updated before running your application in production.

08:45:04.168 [main] INFO  o.s.b.a.e.web.EndpointLinksResolver - Exposing 1 endpoint beneath base path '/actuator'
08:45:04.191 [main] INFO  o.s.s.p.r.c.UserRestControllerV1Tests - Started UserRestControllerV1Tests in 1.274 seconds (process running for 19.25)
08:45:04.193 [main] WARN  o.s.c.events.SpringDocAppInitializer - SpringDoc /v3/api-docs endpoint is enabled by default. To disable it in production, set the property 'springdoc.api-docs.enabled=false'
08:45:04.193 [main] WARN  o.s.c.events.SpringDocAppInitializer - SpringDoc /swagger-ui.html endpoint is enabled by default. To disable it in production, set the property 'springdoc.swagger-ui.enabled=false'
08:45:04.294 [main] INFO  o.s.mock.web.MockServletContext - Initializing Spring TestDispatcherServlet ''
08:45:04.294 [main] INFO  o.s.t.w.s.TestDispatcherServlet - Initializing Servlet ''
08:45:04.294 [main] INFO  o.s.t.w.s.TestDispatcherServlet - Completed initialization in 0 ms
08:45:04.294 [main] WARN  o.h.v.i.m.a.CascadingMetaDataBuilder - HV000271: Using `@Valid` on a container (java.util.List) is deprecated. You should apply the annotation on the type argument(s). Affected element: UserDto#getRoles()
08:45:04.304 [main] WARN  o.h.v.i.m.a.CascadingMetaDataBuilder - HV000271: Using `@Valid` on a container (java.util.List) is deprecated. You should apply the annotation on the type argument(s). Affected element: UserDto#getRoles()
08:45:04.315 [main] DEBUG o.s.s.p.r.a.ExceptionControllerAdvice - Validation error at POST /api/users: [Field error in object 'userDto' on field 'username': rejected value []; codes [Size.userDto.username,Size.username,Size.java.lang.String,Size]; arguments [org.springframework.context.support.DefaultMessageSourceResolvable: codes [userDto.username,username]; arguments []; default message [username],80,1]; default message [size must be between 1 and 80]]
08:45:04.335 [main] INFO  o.s.mock.web.MockServletContext - Initializing Spring TestDispatcherServlet ''
08:45:04.335 [main] INFO  o.s.t.w.s.TestDispatcherServlet - Initializing Servlet ''
08:45:04.335 [main] INFO  o.s.t.w.s.TestDispatcherServlet - Completed initialization in 0 ms
08:45:04.343 [main] WARN  o.h.v.i.m.a.CascadingMetaDataBuilder - HV000271: Using `@Valid` on a container (java.util.List) is deprecated. You should apply the annotation on the type argument(s). Affected element: UserDto#getRoles()
08:45:04.343 [main] WARN  o.h.v.i.m.a.CascadingMetaDataBuilder - HV000271: Using `@Valid` on a container (java.util.List) is deprecated. You should apply the annotation on the type argument(s). Affected element: UserDto#getRoles()
08:45:04.355 [main] WARN  o.h.v.i.m.a.CascadingMetaDataBuilder - HV000271: Using `@Valid` on a container (java.util.List) is deprecated. You should apply the annotation on the type argument(s). Affected element: UserDto#getRoles()
08:45:04.355 [main] WARN  o.h.v.i.m.a.CascadingMetaDataBuilder - HV000271: Using `@Valid` on a container (java.util.List) is deprecated. You should apply the annotation on the type argument(s). Affected element: UserDto#getRoles()
08:45:04.593 [main] INFO  o.s.b.t.c.SpringBootTestContextBootstrapper - Found @SpringBootConfiguration org.springframework.samples.petclinic.PetClinicApplication for test class org.springframework.samples.petclinic.rest.controller.V2RestControllersTests
08:45:04.604 [main] INFO  o.s.mock.web.MockServletContext - Initializing Spring TestDispatcherServlet ''
08:45:04.604 [main] INFO  o.s.t.w.s.TestDispatcherServlet - Initializing Servlet ''
08:45:04.604 [main] INFO  o.s.t.w.s.TestDispatcherServlet - Completed initialization in 0 ms
08:45:04.622 [main] INFO  o.s.mock.web.MockServletContext - Initializing Spring TestDispatcherServlet ''
08:45:04.622 [main] INFO  o.s.t.w.s.TestDispatcherServlet - Initializing Servlet ''
08:45:04.622 [main] INFO  o.s.t.w.s.TestDispatcherServlet - Completed initialization in 0 ms
08:45:04.635 [main] INFO  o.s.b.t.c.SpringBootTestContextBootstrapper - Found @SpringBootConfiguration org.springframework.samples.petclinic.PetClinicApplication for test class org.springframework.samples.petclinic.rest.controller.VetRestControllerV1Tests
08:45:04.646 [main] INFO  o.s.mock.web.MockServletContext - Initializing Spring TestDispatcherServlet ''
08:45:04.646 [main] INFO  o.s.t.w.s.TestDispatcherServlet - Initializing Servlet ''
08:45:04.646 [main] INFO  o.s.t.w.s.TestDispatcherServlet - Completed initialization in 0 ms
08:45:04.651 [main] INFO  o.s.mock.web.MockServletContext - Initializing Spring TestDispatcherServlet ''
08:45:04.651 [main] INFO  o.s.t.w.s.TestDispatcherServlet - Initializing Servlet ''
08:45:04.651 [main] INFO  o.s.t.w.s.TestDispatcherServlet - Completed initialization in 0 ms
08:45:04.664 [main] WARN  o.h.v.i.m.a.CascadingMetaDataBuilder - HV000271: Using `@Valid` on a container (java.util.List) is deprecated. You should apply the annotation on the type argument(s). Affected element: VetDto#getSpecialties()
08:45:04.664 [main] WARN  o.h.v.i.m.a.CascadingMetaDataBuilder - HV000271: Using `@Valid` on a container (java.util.List) is deprecated. You should apply the annotation on the type argument(s). Affected element: VetDto#getSpecialties()
08:45:04.668 [main] WARN  o.h.v.i.m.a.CascadingMetaDataBuilder - HV000271: Using `@Valid` on a container (java.util.List) is deprecated. You should apply the annotation on the type argument(s). Affected element: VetDto#getSpecialties()
08:45:04.668 [main] WARN  o.h.v.i.m.a.CascadingMetaDataBuilder - HV000271: Using `@Valid` on a container (java.util.List) is deprecated. You should apply the annotation on the type argument(s). Affected element: VetDto#getSpecialties()
08:45:04.679 [main] INFO  o.s.mock.web.MockServletContext - Initializing Spring TestDispatcherServlet ''
08:45:04.679 [main] INFO  o.s.t.w.s.TestDispatcherServlet - Initializing Servlet ''
08:45:04.679 [main] INFO  o.s.t.w.s.TestDispatcherServlet - Completed initialization in 0 ms
08:45:04.696 [main] INFO  o.s.mock.web.MockServletContext - Initializing Spring TestDispatcherServlet ''
08:45:04.696 [main] INFO  o.s.t.w.s.TestDispatcherServlet - Initializing Servlet ''
08:45:04.696 [main] INFO  o.s.t.w.s.TestDispatcherServlet - Completed initialization in 0 ms
08:45:04.712 [main] INFO  o.s.mock.web.MockServletContext - Initializing Spring TestDispatcherServlet ''
08:45:04.712 [main] INFO  o.s.t.w.s.TestDispatcherServlet - Initializing Servlet ''
08:45:04.712 [main] INFO  o.s.t.w.s.TestDispatcherServlet - Completed initialization in 0 ms
08:45:04.728 [main] INFO  o.s.mock.web.MockServletContext - Initializing Spring TestDispatcherServlet ''
08:45:04.728 [main] INFO  o.s.t.w.s.TestDispatcherServlet - Initializing Servlet ''
08:45:04.728 [main] INFO  o.s.t.w.s.TestDispatcherServlet - Completed initialization in 0 ms
08:45:04.732 [main] WARN  o.h.v.i.m.a.CascadingMetaDataBuilder - HV000271: Using `@Valid` on a container (java.util.List) is deprecated. You should apply the annotation on the type argument(s). Affected element: VetDto#getSpecialties()
08:45:04.732 [main] WARN  o.h.v.i.m.a.CascadingMetaDataBuilder - HV000271: Using `@Valid` on a container (java.util.List) is deprecated. You should apply the annotation on the type argument(s). Affected element: VetDto#getSpecialties()
08:45:04.746 [main] INFO  o.s.mock.web.MockServletContext - Initializing Spring TestDispatcherServlet ''
08:45:04.746 [main] INFO  o.s.t.w.s.TestDispatcherServlet - Initializing Servlet ''
08:45:04.746 [main] INFO  o.s.t.w.s.TestDispatcherServlet - Completed initialization in 0 ms
08:45:04.762 [main] INFO  o.s.mock.web.MockServletContext - Initializing Spring TestDispatcherServlet ''
08:45:04.762 [main] INFO  o.s.t.w.s.TestDispatcherServlet - Initializing Servlet ''
08:45:04.762 [main] INFO  o.s.t.w.s.TestDispatcherServlet - Completed initialization in 0 ms
08:45:04.768 [main] WARN  o.h.v.i.m.a.CascadingMetaDataBuilder - HV000271: Using `@Valid` on a container (java.util.List) is deprecated. You should apply the annotation on the type argument(s). Affected element: VetDto#getSpecialties()
08:45:04.768 [main] WARN  o.h.v.i.m.a.CascadingMetaDataBuilder - HV000271: Using `@Valid` on a container (java.util.List) is deprecated. You should apply the annotation on the type argument(s). Affected element: VetDto#getSpecialties()
08:45:04.777 [main] DEBUG o.s.s.p.r.a.ExceptionControllerAdvice - Validation error at PUT /api/vets/1: [Field error in object 'vetDto' on field 'firstName': rejected value [null]; codes [NotNull.vetDto.firstName,NotNull.firstName,NotNull.java.lang.String,NotNull]; arguments [org.springframework.context.support.DefaultMessageSourceResolvable: codes [vetDto.firstName,firstName]; arguments []; default message [firstName]]; default message [must not be null]]
08:45:04.787 [main] INFO  o.s.mock.web.MockServletContext - Initializing Spring TestDispatcherServlet ''
08:45:04.787 [main] INFO  o.s.t.w.s.TestDispatcherServlet - Initializing Servlet ''
08:45:04.787 [main] INFO  o.s.t.w.s.TestDispatcherServlet - Completed initialization in 0 ms
08:45:04.795 [main] WARN  o.h.v.i.m.a.CascadingMetaDataBuilder - HV000271: Using `@Valid` on a container (java.util.List) is deprecated. You should apply the annotation on the type argument(s). Affected element: VetDto#getSpecialties()
08:45:04.795 [main] WARN  o.h.v.i.m.a.CascadingMetaDataBuilder - HV000271: Using `@Valid` on a container (java.util.List) is deprecated. You should apply the annotation on the type argument(s). Affected element: VetDto#getSpecialties()
08:45:04.795 [main] DEBUG o.s.s.p.r.a.ExceptionControllerAdvice - Validation error at POST /api/vets: [Field error in object 'vetDto' on field 'firstName': rejected value [null]; codes [NotNull.vetDto.firstName,NotNull.firstName,NotNull.java.lang.String,NotNull]; arguments [org.springframework.context.support.DefaultMessageSourceResolvable: codes [vetDto.firstName,firstName]; arguments []; default message [firstName]]; default message [must not be null]]
08:45:04.812 [main] INFO  o.s.mock.web.MockServletContext - Initializing Spring TestDispatcherServlet ''
08:45:04.812 [main] INFO  o.s.t.w.s.TestDispatcherServlet - Initializing Servlet ''
08:45:04.812 [main] INFO  o.s.t.w.s.TestDispatcherServlet - Completed initialization in 0 ms
08:45:04.826 [main] INFO  o.s.b.t.c.SpringBootTestContextBootstrapper - Found @SpringBootConfiguration org.springframework.samples.petclinic.PetClinicApplication for test class org.springframework.samples.petclinic.rest.controller.VisitRestControllerV1Tests
08:45:04.837 [main] INFO  o.s.mock.web.MockServletContext - Initializing Spring TestDispatcherServlet ''
08:45:04.837 [main] INFO  o.s.t.w.s.TestDispatcherServlet - Initializing Servlet ''
08:45:04.837 [main] INFO  o.s.t.w.s.TestDispatcherServlet - Completed initialization in 0 ms
08:45:04.852 [main] INFO  o.s.mock.web.MockServletContext - Initializing Spring TestDispatcherServlet ''
08:45:04.852 [main] INFO  o.s.t.w.s.TestDispatcherServlet - Initializing Servlet ''
08:45:04.852 [main] INFO  o.s.t.w.s.TestDispatcherServlet - Completed initialization in 0 ms
08:45:04.864 [main] INFO  o.s.mock.web.MockServletContext - Initializing Spring TestDispatcherServlet ''
08:45:04.864 [main] INFO  o.s.t.w.s.TestDispatcherServlet - Initializing Servlet ''
08:45:04.864 [main] INFO  o.s.t.w.s.TestDispatcherServlet - Completed initialization in 0 ms
08:45:04.883 [main] INFO  o.s.mock.web.MockServletContext - Initializing Spring TestDispatcherServlet ''
08:45:04.883 [main] INFO  o.s.t.w.s.TestDispatcherServlet - Initializing Servlet ''
08:45:04.883 [main] INFO  o.s.t.w.s.TestDispatcherServlet - Completed initialization in 0 ms
08:45:04.890 [main] DEBUG o.s.s.p.r.a.ExceptionControllerAdvice - Validation error at POST /api/visits: [Field error in object 'visitDto' on field 'description': rejected value [null]; codes [NotNull.visitDto.description,NotNull.description,NotNull.java.lang.String,NotNull]; arguments [org.springframework.context.support.DefaultMessageSourceResolvable: codes [visitDto.description,description]; arguments []; default message [description]]; default message [must not be null]]
08:45:04.898 [main] INFO  o.s.mock.web.MockServletContext - Initializing Spring TestDispatcherServlet ''
08:45:04.906 [main] INFO  o.s.t.w.s.TestDispatcherServlet - Initializing Servlet ''
08:45:04.906 [main] INFO  o.s.t.w.s.TestDispatcherServlet - Completed initialization in 0 ms
08:45:04.916 [main] INFO  o.s.mock.web.MockServletContext - Initializing Spring TestDispatcherServlet ''
08:45:04.916 [main] INFO  o.s.t.w.s.TestDispatcherServlet - Initializing Servlet ''
08:45:04.916 [main] INFO  o.s.t.w.s.TestDispatcherServlet - Completed initialization in 0 ms
08:45:04.923 [main] DEBUG o.s.s.p.r.a.ExceptionControllerAdvice - Validation error at PUT /api/visits/2: [Field error in object 'visitFieldsDto' on field 'description': rejected value [null]; codes [NotNull.visitFieldsDto.description,NotNull.description,NotNull.java.lang.String,NotNull]; arguments [org.springframework.context.support.DefaultMessageSourceResolvable: codes [visitFieldsDto.description,description]; arguments []; default message [description]]; default message [must not be null]]
08:45:04.939 [main] INFO  o.s.mock.web.MockServletContext - Initializing Spring TestDispatcherServlet ''
08:45:04.939 [main] INFO  o.s.t.w.s.TestDispatcherServlet - Initializing Servlet ''
08:45:04.939 [main] INFO  o.s.t.w.s.TestDispatcherServlet - Completed initialization in 0 ms
08:45:04.951 [main] INFO  o.s.mock.web.MockServletContext - Initializing Spring TestDispatcherServlet ''
08:45:04.951 [main] INFO  o.s.t.w.s.TestDispatcherServlet - Initializing Servlet ''
08:45:04.951 [main] INFO  o.s.t.w.s.TestDispatcherServlet - Completed initialization in 0 ms
08:45:04.964 [main] INFO  o.s.mock.web.MockServletContext - Initializing Spring TestDispatcherServlet ''
08:45:04.964 [main] INFO  o.s.t.w.s.TestDispatcherServlet - Initializing Servlet ''
08:45:04.964 [main] INFO  o.s.t.w.s.TestDispatcherServlet - Completed initialization in 0 ms
08:45:04.979 [main] INFO  o.s.mock.web.MockServletContext - Initializing Spring TestDispatcherServlet ''
08:45:04.979 [main] INFO  o.s.t.w.s.TestDispatcherServlet - Initializing Servlet ''
08:45:04.979 [main] INFO  o.s.t.w.s.TestDispatcherServlet - Completed initialization in 0 ms
08:45:04.995 [main] INFO  o.s.t.c.s.AnnotationConfigContextLoaderUtils - Could not detect default configuration classes for test class [org.springframework.samples.petclinic.service.clinicService.ClinicServiceH2JdbcTests]: ClinicServiceH2JdbcTests does not declare any static, non-private, non-final, nested classes annotated with @Configuration.
08:45:05.014 [main] INFO  o.s.b.t.c.SpringBootTestContextBootstrapper - Found @SpringBootConfiguration org.springframework.samples.petclinic.PetClinicApplication for test class org.springframework.samples.petclinic.service.clinicService.ClinicServiceH2JdbcTests
08:45:05.014 [main] INFO  o.s.t.c.s.AnnotationConfigContextLoaderUtils - Could not detect default configuration classes for test class [org.springframework.samples.petclinic.service.clinicService.ClinicServiceH2JdbcTests]: ClinicServiceH2JdbcTests does not declare any static, non-private, non-final, nested classes annotated with @Configuration.
08:45:05.014 [main] INFO  o.s.t.c.s.AnnotationConfigContextLoaderUtils - Could not detect default configuration classes for test class [org.springframework.samples.petclinic.service.clinicService.AbstractClinicServiceTests]: AbstractClinicServiceTests does not declare any static, non-private, non-final, nested classes annotated with @Configuration.
08:45:05.014 [main] INFO  o.s.b.t.c.SpringBootTestContextBootstrapper - Found @SpringBootConfiguration org.springframework.samples.petclinic.PetClinicApplication for test class org.springframework.samples.petclinic.service.clinicService.ClinicServiceH2JdbcTests
08:45:05.062 [main] INFO  o.s.s.p.s.c.ClinicServiceH2JdbcTests - Starting ClinicServiceH2JdbcTests using Java 21.0.5 with PID 6384 (started by 6309487 in E:\Fall 2026\maintenance de logiciel\projet-legacy-team-a-e)
08:45:05.062 [main] DEBUG o.s.s.p.s.c.ClinicServiceH2JdbcTests - Running with Spring Boot v4.1.0, Spring v7.0.8
08:45:05.062 [main] INFO  o.s.s.p.s.c.ClinicServiceH2JdbcTests - The following 2 profiles are active: "h2", "jdbc"
08:45:05.411 [main] INFO  o.s.d.r.c.RepositoryConfigurationDelegate - Bootstrapping Spring Data JPA repositories in DEFAULT mode.
08:45:05.429 [main] INFO  o.s.d.r.c.RepositoryConfigurationDelegate - Finished Spring Data repository scanning in 15 ms. Found 0 JPA repository interfaces.
08:45:05.523 [main] INFO  com.zaxxer.hikari.HikariDataSource - HikariPool-3 - Starting...
08:45:05.915 [main] INFO  com.zaxxer.hikari.pool.HikariPool - HikariPool-3 - Added connection conn0: url=jdbc:h2:mem:petclinic user=SA
08:45:05.915 [main] INFO  com.zaxxer.hikari.HikariDataSource - HikariPool-3 - Start completed.
08:45:06.010 [main] INFO  org.hibernate.orm.jpa - HHH008540: Processing PersistenceUnitInfo [name: default]
08:45:06.030 [main] INFO  o.s.o.j.p.SpringPersistenceUnitInfo - No LoadTimeWeaver setup: ignoring JPA class transformer
08:45:06.045 [main] WARN  org.hibernate.orm.deprecation - HHH90000025: H2Dialect does not need to be specified explicitly using 'hibernate.dialect' (remove the property setting and it will be selected by default)
08:45:06.055 [main] INFO  o.hibernate.orm.connections.pooling - HHH10001005: Database info:
	Database JDBC URL [jdbc:h2:mem:petclinic]
	Database driver: H2 JDBC Driver
	Database dialect: H2Dialect
	Database version: 2.4.240
	Default catalog/schema: PETCLINIC/PUBLIC
	Autocommit mode: undefined/unknown
	Isolation level: READ_COMMITTED [default READ_COMMITTED]
	JDBC fetch size: 100
	Pool: DataSourceConnectionProvider
	Minimum pool size: undefined/unknown
	Maximum pool size: undefined/unknown
08:45:06.184 [main] INFO  org.hibernate.orm.core - HHH000489: No JTA platform available (set 'hibernate.transaction.jta.platform' to enable JTA platform integration)
08:45:06.278 [main] INFO  o.s.o.j.LocalContainerEntityManagerFactoryBean - Initialized JPA EntityManagerFactory for persistence unit 'default'
08:45:06.439 [main] WARN  o.s.s.c.a.a.c.InitializeUserDetailsBeanManagerConfigurer$InitializeUserDetailsManagerConfigurer - Global AuthenticationManager configured with an AuthenticationProvider bean. UserDetailsService beans will not be used by Spring Security for automatically configuring username/password login. Consider removing the AuthenticationProvider bean. Alternatively, consider using the UserDetailsService in a manually instantiated DaoAuthenticationProvider. If the current configuration is intentional, to turn off this warning, increase the logging level of 'org.springframework.security.config.annotation.authentication.configuration.InitializeUserDetailsBeanManagerConfigurer' to ERROR
08:45:06.595 [main] WARN  o.s.b.s.a.UserDetailsServiceAutoConfiguration - 

Using generated security password: 8bc8b16a-9925-4af1-881e-9a092d28b123

This generated password is for development use only. Your security configuration must be updated before running your application in production.

08:45:06.623 [main] INFO  o.s.b.a.e.web.EndpointLinksResolver - Exposing 1 endpoint beneath base path '/actuator'
08:45:06.636 [main] INFO  o.s.s.p.s.c.ClinicServiceH2JdbcTests - Started ClinicServiceH2JdbcTests in 1.607 seconds (process running for 21.696)
08:45:06.637 [main] WARN  o.s.c.events.SpringDocAppInitializer - SpringDoc /v3/api-docs endpoint is enabled by default. To disable it in production, set the property 'springdoc.api-docs.enabled=false'
08:45:06.637 [main] WARN  o.s.c.events.SpringDocAppInitializer - SpringDoc /swagger-ui.html endpoint is enabled by default. To disable it in production, set the property 'springdoc.swagger-ui.enabled=false'
08:45:06.901 [main] INFO  o.s.t.c.s.AnnotationConfigContextLoaderUtils - Could not detect default configuration classes for test class [org.springframework.samples.petclinic.service.clinicService.ClinicServiceHsqlJdbcTests]: ClinicServiceHsqlJdbcTests does not declare any static, non-private, non-final, nested classes annotated with @Configuration.
08:45:06.904 [main] INFO  o.s.b.t.c.SpringBootTestContextBootstrapper - Found @SpringBootConfiguration org.springframework.samples.petclinic.PetClinicApplication for test class org.springframework.samples.petclinic.service.clinicService.ClinicServiceHsqlJdbcTests
08:45:06.904 [main] INFO  o.s.t.c.s.AnnotationConfigContextLoaderUtils - Could not detect default configuration classes for test class [org.springframework.samples.petclinic.service.clinicService.ClinicServiceHsqlJdbcTests]: ClinicServiceHsqlJdbcTests does not declare any static, non-private, non-final, nested classes annotated with @Configuration.
08:45:06.905 [main] INFO  o.s.t.c.s.AnnotationConfigContextLoaderUtils - Could not detect default configuration classes for test class [org.springframework.samples.petclinic.service.clinicService.AbstractClinicServiceTests]: AbstractClinicServiceTests does not declare any static, non-private, non-final, nested classes annotated with @Configuration.
08:45:06.905 [main] INFO  o.s.b.t.c.SpringBootTestContextBootstrapper - Found @SpringBootConfiguration org.springframework.samples.petclinic.PetClinicApplication for test class org.springframework.samples.petclinic.service.clinicService.ClinicServiceHsqlJdbcTests
08:45:06.927 [main] INFO  o.s.s.p.s.c.ClinicServiceHsqlJdbcTests - Starting ClinicServiceHsqlJdbcTests using Java 21.0.5 with PID 6384 (started by 6309487 in E:\Fall 2026\maintenance de logiciel\projet-legacy-team-a-e)
08:45:06.927 [main] DEBUG o.s.s.p.s.c.ClinicServiceHsqlJdbcTests - Running with Spring Boot v4.1.0, Spring v7.0.8
08:45:06.927 [main] INFO  o.s.s.p.s.c.ClinicServiceHsqlJdbcTests - The following 2 profiles are active: "hsqldb", "jdbc"
08:45:07.158 [main] INFO  o.s.d.r.c.RepositoryConfigurationDelegate - Bootstrapping Spring Data JPA repositories in DEFAULT mode.
08:45:07.172 [main] INFO  o.s.d.r.c.RepositoryConfigurationDelegate - Finished Spring Data repository scanning in 11 ms. Found 0 JPA repository interfaces.
08:45:07.247 [main] INFO  com.zaxxer.hikari.HikariDataSource - HikariPool-4 - Starting...
08:45:07.248 [main] INFO  com.zaxxer.hikari.pool.PoolBase - HikariPool-4 - Driver does not support get/set network timeout for connections. (feature not supported)
08:45:07.249 [main] INFO  com.zaxxer.hikari.pool.HikariPool - HikariPool-4 - Added connection org.hsqldb.jdbc.JDBCConnection@4a7911ca
08:45:07.249 [main] INFO  com.zaxxer.hikari.HikariDataSource - HikariPool-4 - Start completed.
08:45:07.276 [main] INFO  org.hibernate.orm.jpa - HHH008540: Processing PersistenceUnitInfo [name: default]
08:45:07.293 [main] INFO  o.s.o.j.p.SpringPersistenceUnitInfo - No LoadTimeWeaver setup: ignoring JPA class transformer
08:45:07.299 [main] INFO  o.hibernate.orm.connections.pooling - HHH10001005: Database info:
	Database JDBC URL [jdbc:hsqldb:mem:petclinic]
	Database driver: HSQL Database Engine Driver
	Database dialect: HSQLDialect
	Database version: 2.7.3
	Default catalog/schema: PUBLIC/PUBLIC
	Autocommit mode: undefined/unknown
	Isolation level: READ_COMMITTED [default READ_COMMITTED]
	JDBC fetch size: none
	Pool: DataSourceConnectionProvider
	Minimum pool size: undefined/unknown
	Maximum pool size: undefined/unknown
08:45:07.357 [main] INFO  org.hibernate.orm.core - HHH000489: No JTA platform available (set 'hibernate.transaction.jta.platform' to enable JTA platform integration)
08:45:07.358 [main] INFO  o.s.o.j.LocalContainerEntityManagerFactoryBean - Initialized JPA EntityManagerFactory for persistence unit 'default'
08:45:07.444 [main] WARN  o.s.s.c.a.a.c.InitializeUserDetailsBeanManagerConfigurer$InitializeUserDetailsManagerConfigurer - Global AuthenticationManager configured with an AuthenticationProvider bean. UserDetailsService beans will not be used by Spring Security for automatically configuring username/password login. Consider removing the AuthenticationProvider bean. Alternatively, consider using the UserDetailsService in a manually instantiated DaoAuthenticationProvider. If the current configuration is intentional, to turn off this warning, increase the logging level of 'org.springframework.security.config.annotation.authentication.configuration.InitializeUserDetailsBeanManagerConfigurer' to ERROR
08:45:07.609 [main] WARN  o.s.b.s.a.UserDetailsServiceAutoConfiguration - 

Using generated security password: 27c4f3cf-e012-4f39-8cc3-1baebe2c2bae

This generated password is for development use only. Your security configuration must be updated before running your application in production.

08:45:07.626 [main] INFO  o.s.b.a.e.web.EndpointLinksResolver - Exposing 1 endpoint beneath base path '/actuator'
08:45:07.644 [main] INFO  o.s.s.p.s.c.ClinicServiceHsqlJdbcTests - Started ClinicServiceHsqlJdbcTests in 0.737 seconds (process running for 22.712)
08:45:07.644 [main] WARN  o.s.c.events.SpringDocAppInitializer - SpringDoc /v3/api-docs endpoint is enabled by default. To disable it in production, set the property 'springdoc.api-docs.enabled=false'
08:45:07.644 [main] WARN  o.s.c.events.SpringDocAppInitializer - SpringDoc /swagger-ui.html endpoint is enabled by default. To disable it in production, set the property 'springdoc.swagger-ui.enabled=false'
08:45:08.037 [main] INFO  o.s.t.c.s.AnnotationConfigContextLoaderUtils - Could not detect default configuration classes for test class [org.springframework.samples.petclinic.service.clinicService.ClinicServiceJpaTests]: ClinicServiceJpaTests does not declare any static, non-private, non-final, nested classes annotated with @Configuration.
08:45:08.040 [main] INFO  o.s.b.t.c.SpringBootTestContextBootstrapper - Found @SpringBootConfiguration org.springframework.samples.petclinic.PetClinicApplication for test class org.springframework.samples.petclinic.service.clinicService.ClinicServiceJpaTests
08:45:08.041 [main] INFO  o.s.t.c.s.AnnotationConfigContextLoaderUtils - Could not detect default configuration classes for test class [org.springframework.samples.petclinic.service.clinicService.ClinicServiceJpaTests]: ClinicServiceJpaTests does not declare any static, non-private, non-final, nested classes annotated with @Configuration.
08:45:08.042 [main] INFO  o.s.t.c.s.AnnotationConfigContextLoaderUtils - Could not detect default configuration classes for test class [org.springframework.samples.petclinic.service.clinicService.AbstractClinicServiceTests]: AbstractClinicServiceTests does not declare any static, non-private, non-final, nested classes annotated with @Configuration.
08:45:08.043 [main] INFO  o.s.b.t.c.SpringBootTestContextBootstrapper - Found @SpringBootConfiguration org.springframework.samples.petclinic.PetClinicApplication for test class org.springframework.samples.petclinic.service.clinicService.ClinicServiceJpaTests
08:45:08.070 [main] INFO  o.s.s.p.s.c.ClinicServiceJpaTests - Starting ClinicServiceJpaTests using Java 21.0.5 with PID 6384 (started by 6309487 in E:\Fall 2026\maintenance de logiciel\projet-legacy-team-a-e)
08:45:08.070 [main] DEBUG o.s.s.p.s.c.ClinicServiceJpaTests - Running with Spring Boot v4.1.0, Spring v7.0.8
08:45:08.070 [main] INFO  o.s.s.p.s.c.ClinicServiceJpaTests - The following 2 profiles are active: "jpa", "hsqldb"
08:45:08.277 [main] INFO  o.s.d.r.c.RepositoryConfigurationDelegate - Bootstrapping Spring Data JPA repositories in DEFAULT mode.
08:45:08.278 [main] INFO  o.s.d.r.c.RepositoryConfigurationDelegate - Finished Spring Data repository scanning in 11 ms. Found 0 JPA repository interfaces.
08:45:08.344 [main] INFO  com.zaxxer.hikari.HikariDataSource - HikariPool-5 - Starting...
08:45:08.344 [main] INFO  com.zaxxer.hikari.pool.PoolBase - HikariPool-5 - Driver does not support get/set network timeout for connections. (feature not supported)
08:45:08.344 [main] INFO  com.zaxxer.hikari.pool.HikariPool - HikariPool-5 - Added connection org.hsqldb.jdbc.JDBCConnection@232ec93c
08:45:08.344 [main] INFO  com.zaxxer.hikari.HikariDataSource - HikariPool-5 - Start completed.
08:45:08.373 [main] INFO  org.hibernate.orm.jpa - HHH008540: Processing PersistenceUnitInfo [name: default]
08:45:08.394 [main] INFO  o.s.o.j.p.SpringPersistenceUnitInfo - No LoadTimeWeaver setup: ignoring JPA class transformer
08:45:08.394 [main] INFO  o.hibernate.orm.connections.pooling - HHH10001005: Database info:
	Database JDBC URL [jdbc:hsqldb:mem:petclinic]
	Database driver: HSQL Database Engine Driver
	Database dialect: HSQLDialect
	Database version: 2.7.3
	Default catalog/schema: PUBLIC/PUBLIC
	Autocommit mode: undefined/unknown
	Isolation level: READ_COMMITTED [default READ_COMMITTED]
	JDBC fetch size: none
	Pool: DataSourceConnectionProvider
	Minimum pool size: undefined/unknown
	Maximum pool size: undefined/unknown
08:45:08.451 [main] INFO  org.hibernate.orm.core - HHH000489: No JTA platform available (set 'hibernate.transaction.jta.platform' to enable JTA platform integration)
08:45:08.452 [main] INFO  o.s.o.j.LocalContainerEntityManagerFactoryBean - Initialized JPA EntityManagerFactory for persistence unit 'default'
08:45:08.556 [main] WARN  o.s.s.c.a.a.c.InitializeUserDetailsBeanManagerConfigurer$InitializeUserDetailsManagerConfigurer - Global AuthenticationManager configured with an AuthenticationProvider bean. UserDetailsService beans will not be used by Spring Security for automatically configuring username/password login. Consider removing the AuthenticationProvider bean. Alternatively, consider using the UserDetailsService in a manually instantiated DaoAuthenticationProvider. If the current configuration is intentional, to turn off this warning, increase the logging level of 'org.springframework.security.config.annotation.authentication.configuration.InitializeUserDetailsBeanManagerConfigurer' to ERROR
08:45:08.704 [main] WARN  o.s.b.s.a.UserDetailsServiceAutoConfiguration - 

Using generated security password: 0aaa7b80-527d-471e-b72f-8e367ab6b285

This generated password is for development use only. Your security configuration must be updated before running your application in production.

08:45:08.725 [main] INFO  o.s.b.a.e.web.EndpointLinksResolver - Exposing 1 endpoint beneath base path '/actuator'
08:45:08.742 [main] INFO  o.s.s.p.s.c.ClinicServiceJpaTests - Started ClinicServiceJpaTests in 0.699 seconds (process running for 23.802)
08:45:08.742 [main] WARN  o.s.c.events.SpringDocAppInitializer - SpringDoc /v3/api-docs endpoint is enabled by default. To disable it in production, set the property 'springdoc.api-docs.enabled=false'
08:45:08.742 [main] WARN  o.s.c.events.SpringDocAppInitializer - SpringDoc /swagger-ui.html endpoint is enabled by default. To disable it in production, set the property 'springdoc.swagger-ui.enabled=false'
08:45:08.925 [main] WARN  org.hibernate.orm.jdbc.error - HHH000247: ErrorCode: -8, SQLState: 23504
08:45:08.925 [main] WARN  org.hibernate.orm.jdbc.error - integrity constraint violation: foreign key no action ; FK_PETS_TYPES table: PETS
08:45:09.123 [main] INFO  o.s.t.c.s.AnnotationConfigContextLoaderUtils - Could not detect default configuration classes for test class [org.springframework.samples.petclinic.service.clinicService.ClinicServiceSpringDataJpaTests]: ClinicServiceSpringDataJpaTests does not declare any static, non-private, non-final, nested classes annotated with @Configuration.
08:45:09.123 [main] INFO  o.s.b.t.c.SpringBootTestContextBootstrapper - Found @SpringBootConfiguration org.springframework.samples.petclinic.PetClinicApplication for test class org.springframework.samples.petclinic.service.clinicService.ClinicServiceSpringDataJpaTests
08:45:09.123 [main] INFO  o.s.t.c.s.AnnotationConfigContextLoaderUtils - Could not detect default configuration classes for test class [org.springframework.samples.petclinic.service.clinicService.ClinicServiceSpringDataJpaTests]: ClinicServiceSpringDataJpaTests does not declare any static, non-private, non-final, nested classes annotated with @Configuration.
08:45:09.123 [main] INFO  o.s.t.c.s.AnnotationConfigContextLoaderUtils - Could not detect default configuration classes for test class [org.springframework.samples.petclinic.service.clinicService.AbstractClinicServiceTests]: AbstractClinicServiceTests does not declare any static, non-private, non-final, nested classes annotated with @Configuration.
08:45:09.123 [main] INFO  o.s.b.t.c.SpringBootTestContextBootstrapper - Found @SpringBootConfiguration org.springframework.samples.petclinic.PetClinicApplication for test class org.springframework.samples.petclinic.service.clinicService.ClinicServiceSpringDataJpaTests
08:45:09.155 [main] INFO  o.s.s.p.s.c.ClinicServiceSpringDataJpaTests - Starting ClinicServiceSpringDataJpaTests using Java 21.0.5 with PID 6384 (started by 6309487 in E:\Fall 2026\maintenance de logiciel\projet-legacy-team-a-e)
08:45:09.155 [main] DEBUG o.s.s.p.s.c.ClinicServiceSpringDataJpaTests - Running with Spring Boot v4.1.0, Spring v7.0.8
08:45:09.155 [main] INFO  o.s.s.p.s.c.ClinicServiceSpringDataJpaTests - The following 2 profiles are active: "spring-data-jpa", "hsqldb"
08:45:09.357 [main] INFO  o.s.d.r.c.RepositoryConfigurationDelegate - Bootstrapping Spring Data JPA repositories in DEFAULT mode.
08:45:09.397 [main] INFO  o.s.d.r.c.RepositoryConfigurationDelegate - Finished Spring Data repository scanning in 38 ms. Found 7 JPA repository interfaces.
08:45:09.479 [main] INFO  com.zaxxer.hikari.HikariDataSource - HikariPool-6 - Starting...
08:45:09.480 [main] INFO  com.zaxxer.hikari.pool.PoolBase - HikariPool-6 - Driver does not support get/set network timeout for connections. (feature not supported)
08:45:09.480 [main] INFO  com.zaxxer.hikari.pool.HikariPool - HikariPool-6 - Added connection org.hsqldb.jdbc.JDBCConnection@1a147e51
08:45:09.480 [main] INFO  com.zaxxer.hikari.HikariDataSource - HikariPool-6 - Start completed.
08:45:09.508 [main] INFO  org.hibernate.orm.jpa - HHH008540: Processing PersistenceUnitInfo [name: default]
08:45:09.524 [main] INFO  o.s.o.j.p.SpringPersistenceUnitInfo - No LoadTimeWeaver setup: ignoring JPA class transformer
08:45:09.524 [main] INFO  o.hibernate.orm.connections.pooling - HHH10001005: Database info:
	Database JDBC URL [jdbc:hsqldb:mem:petclinic]
	Database driver: HSQL Database Engine Driver
	Database dialect: HSQLDialect
	Database version: 2.7.3
	Default catalog/schema: PUBLIC/PUBLIC
	Autocommit mode: undefined/unknown
	Isolation level: READ_COMMITTED [default READ_COMMITTED]
	JDBC fetch size: none
	Pool: DataSourceConnectionProvider
	Minimum pool size: undefined/unknown
	Maximum pool size: undefined/unknown
08:45:09.580 [main] INFO  org.hibernate.orm.core - HHH000489: No JTA platform available (set 'hibernate.transaction.jta.platform' to enable JTA platform integration)
08:45:09.581 [main] INFO  o.s.o.j.LocalContainerEntityManagerFactoryBean - Initialized JPA EntityManagerFactory for persistence unit 'default'
08:45:09.715 [main] WARN  o.s.s.c.a.a.c.InitializeUserDetailsBeanManagerConfigurer$InitializeUserDetailsManagerConfigurer - Global AuthenticationManager configured with an AuthenticationProvider bean. UserDetailsService beans will not be used by Spring Security for automatically configuring username/password login. Consider removing the AuthenticationProvider bean. Alternatively, consider using the UserDetailsService in a manually instantiated DaoAuthenticationProvider. If the current configuration is intentional, to turn off this warning, increase the logging level of 'org.springframework.security.config.annotation.authentication.configuration.InitializeUserDetailsBeanManagerConfigurer' to ERROR
08:45:09.873 [main] WARN  o.s.b.s.a.UserDetailsServiceAutoConfiguration - 

Using generated security password: 8b17bb61-a25f-4055-a6fe-86271b5d033f

This generated password is for development use only. Your security configuration must be updated before running your application in production.

08:45:09.896 [main] INFO  o.s.b.a.e.web.EndpointLinksResolver - Exposing 1 endpoint beneath base path '/actuator'
08:45:09.911 [main] INFO  o.s.s.p.s.c.ClinicServiceSpringDataJpaTests - Started ClinicServiceSpringDataJpaTests in 0.781 seconds (process running for 24.971)
08:45:09.912 [main] WARN  o.s.c.events.SpringDocAppInitializer - SpringDoc /v3/api-docs endpoint is enabled by default. To disable it in production, set the property 'springdoc.api-docs.enabled=false'
08:45:09.912 [main] WARN  o.s.c.events.SpringDocAppInitializer - SpringDoc /swagger-ui.html endpoint is enabled by default. To disable it in production, set the property 'springdoc.swagger-ui.enabled=false'
08:45:10.025 [main] WARN  org.hibernate.orm.jdbc.error - HHH000247: ErrorCode: -8, SQLState: 23504
08:45:10.025 [main] WARN  org.hibernate.orm.jdbc.error - integrity constraint violation: foreign key no action ; FK_PETS_TYPES table: PETS
08:45:10.190 [main] INFO  o.s.t.c.s.AnnotationConfigContextLoaderUtils - Could not detect default configuration classes for test class [org.springframework.samples.petclinic.service.userService.UserServiceH2JdbcTests]: UserServiceH2JdbcTests does not declare any static, non-private, non-final, nested classes annotated with @Configuration.
08:45:10.207 [main] INFO  o.s.b.t.c.SpringBootTestContextBootstrapper - Found @SpringBootConfiguration org.springframework.samples.petclinic.PetClinicApplication for test class org.springframework.samples.petclinic.service.userService.UserServiceH2JdbcTests
08:45:10.207 [main] INFO  o.s.t.c.s.AnnotationConfigContextLoaderUtils - Could not detect default configuration classes for test class [org.springframework.samples.petclinic.service.userService.UserServiceH2JdbcTests]: UserServiceH2JdbcTests does not declare any static, non-private, non-final, nested classes annotated with @Configuration.
08:45:10.207 [main] INFO  o.s.t.c.s.AnnotationConfigContextLoaderUtils - Could not detect default configuration classes for test class [org.springframework.samples.petclinic.service.userService.AbstractUserServiceTests]: AbstractUserServiceTests does not declare any static, non-private, non-final, nested classes annotated with @Configuration.
08:45:10.207 [main] INFO  o.s.b.t.c.SpringBootTestContextBootstrapper - Found @SpringBootConfiguration org.springframework.samples.petclinic.PetClinicApplication for test class org.springframework.samples.petclinic.service.userService.UserServiceH2JdbcTests
08:45:10.229 [main] INFO  o.s.t.c.s.AnnotationConfigContextLoaderUtils - Could not detect default configuration classes for test class [org.springframework.samples.petclinic.service.userService.UserServiceHsqlJdbcTests]: UserServiceHsqlJdbcTests does not declare any static, non-private, non-final, nested classes annotated with @Configuration.
08:45:10.235 [main] INFO  o.s.b.t.c.SpringBootTestContextBootstrapper - Found @SpringBootConfiguration org.springframework.samples.petclinic.PetClinicApplication for test class org.springframework.samples.petclinic.service.userService.UserServiceHsqlJdbcTests
08:45:10.235 [main] INFO  o.s.t.c.s.AnnotationConfigContextLoaderUtils - Could not detect default configuration classes for test class [org.springframework.samples.petclinic.service.userService.UserServiceHsqlJdbcTests]: UserServiceHsqlJdbcTests does not declare any static, non-private, non-final, nested classes annotated with @Configuration.
08:45:10.235 [main] INFO  o.s.t.c.s.AnnotationConfigContextLoaderUtils - Could not detect default configuration classes for test class [org.springframework.samples.petclinic.service.userService.AbstractUserServiceTests]: AbstractUserServiceTests does not declare any static, non-private, non-final, nested classes annotated with @Configuration.
08:45:10.235 [main] INFO  o.s.b.t.c.SpringBootTestContextBootstrapper - Found @SpringBootConfiguration org.springframework.samples.petclinic.PetClinicApplication for test class org.springframework.samples.petclinic.service.userService.UserServiceHsqlJdbcTests
08:45:10.260 [main] INFO  o.s.s.p.s.u.UserServiceHsqlJdbcTests - Starting UserServiceHsqlJdbcTests using Java 21.0.5 with PID 6384 (started by 6309487 in E:\Fall 2026\maintenance de logiciel\projet-legacy-team-a-e)
08:45:10.260 [main] DEBUG o.s.s.p.s.u.UserServiceHsqlJdbcTests - Running with Spring Boot v4.1.0, Spring v7.0.8
08:45:10.260 [main] INFO  o.s.s.p.s.u.UserServiceHsqlJdbcTests - The following 2 profiles are active: "hsqldb", "jdbc"
08:45:10.490 [main] INFO  o.s.d.r.c.RepositoryConfigurationDelegate - Bootstrapping Spring Data JPA repositories in DEFAULT mode.
08:45:10.501 [main] INFO  o.s.d.r.c.RepositoryConfigurationDelegate - Finished Spring Data repository scanning in 10 ms. Found 0 JPA repository interfaces.
08:45:10.550 [main] INFO  com.zaxxer.hikari.HikariDataSource - HikariPool-7 - Starting...
08:45:10.550 [main] INFO  com.zaxxer.hikari.pool.PoolBase - HikariPool-7 - Driver does not support get/set network timeout for connections. (feature not supported)
08:45:10.550 [main] INFO  com.zaxxer.hikari.pool.HikariPool - HikariPool-7 - Added connection org.hsqldb.jdbc.JDBCConnection@14060402
08:45:10.550 [main] INFO  com.zaxxer.hikari.HikariDataSource - HikariPool-7 - Start completed.
08:45:10.573 [main] INFO  org.hibernate.orm.jpa - HHH008540: Processing PersistenceUnitInfo [name: default]
08:45:10.593 [main] INFO  o.s.o.j.p.SpringPersistenceUnitInfo - No LoadTimeWeaver setup: ignoring JPA class transformer
08:45:10.594 [main] INFO  o.hibernate.orm.connections.pooling - HHH10001005: Database info:
	Database JDBC URL [jdbc:hsqldb:mem:petclinic]
	Database driver: HSQL Database Engine Driver
	Database dialect: HSQLDialect
	Database version: 2.7.3
	Default catalog/schema: PUBLIC/PUBLIC
	Autocommit mode: undefined/unknown
	Isolation level: READ_COMMITTED [default READ_COMMITTED]
	JDBC fetch size: none
	Pool: DataSourceConnectionProvider
	Minimum pool size: undefined/unknown
	Maximum pool size: undefined/unknown
08:45:10.636 [main] INFO  org.hibernate.orm.core - HHH000489: No JTA platform available (set 'hibernate.transaction.jta.platform' to enable JTA platform integration)
08:45:10.636 [main] INFO  o.s.o.j.LocalContainerEntityManagerFactoryBean - Initialized JPA EntityManagerFactory for persistence unit 'default'
08:45:10.711 [main] WARN  o.s.s.c.a.a.c.InitializeUserDetailsBeanManagerConfigurer$InitializeUserDetailsManagerConfigurer - Global AuthenticationManager configured with an AuthenticationProvider bean. UserDetailsService beans will not be used by Spring Security for automatically configuring username/password login. Consider removing the AuthenticationProvider bean. Alternatively, consider using the UserDetailsService in a manually instantiated DaoAuthenticationProvider. If the current configuration is intentional, to turn off this warning, increase the logging level of 'org.springframework.security.config.annotation.authentication.configuration.InitializeUserDetailsBeanManagerConfigurer' to ERROR
08:45:10.849 [main] WARN  o.s.b.s.a.UserDetailsServiceAutoConfiguration - 

Using generated security password: 879e4254-53c0-45d5-bf62-3ec6f499d226

This generated password is for development use only. Your security configuration must be updated before running your application in production.

08:45:10.870 [main] INFO  o.s.b.a.e.web.EndpointLinksResolver - Exposing 1 endpoint beneath base path '/actuator'
08:45:10.885 [main] INFO  o.s.s.p.s.u.UserServiceHsqlJdbcTests - Started UserServiceHsqlJdbcTests in 0.65 seconds (process running for 25.944)
08:45:10.885 [main] WARN  o.s.c.events.SpringDocAppInitializer - SpringDoc /v3/api-docs endpoint is enabled by default. To disable it in production, set the property 'springdoc.api-docs.enabled=false'
08:45:10.886 [main] WARN  o.s.c.events.SpringDocAppInitializer - SpringDoc /swagger-ui.html endpoint is enabled by default. To disable it in production, set the property 'springdoc.swagger-ui.enabled=false'
08:45:10.918 [main] INFO  o.s.t.c.s.AnnotationConfigContextLoaderUtils - Could not detect default configuration classes for test class [org.springframework.samples.petclinic.service.userService.UserServiceJpaTests]: UserServiceJpaTests does not declare any static, non-private, non-final, nested classes annotated with @Configuration.
08:45:10.921 [main] INFO  o.s.b.t.c.SpringBootTestContextBootstrapper - Found @SpringBootConfiguration org.springframework.samples.petclinic.PetClinicApplication for test class org.springframework.samples.petclinic.service.userService.UserServiceJpaTests
08:45:10.922 [main] INFO  o.s.t.c.s.AnnotationConfigContextLoaderUtils - Could not detect default configuration classes for test class [org.springframework.samples.petclinic.service.userService.UserServiceJpaTests]: UserServiceJpaTests does not declare any static, non-private, non-final, nested classes annotated with @Configuration.
08:45:10.923 [main] INFO  o.s.t.c.s.AnnotationConfigContextLoaderUtils - Could not detect default configuration classes for test class [org.springframework.samples.petclinic.service.userService.AbstractUserServiceTests]: AbstractUserServiceTests does not declare any static, non-private, non-final, nested classes annotated with @Configuration.
08:45:10.923 [main] INFO  o.s.b.t.c.SpringBootTestContextBootstrapper - Found @SpringBootConfiguration org.springframework.samples.petclinic.PetClinicApplication for test class org.springframework.samples.petclinic.service.userService.UserServiceJpaTests
08:45:10.933 [main] INFO  o.s.t.c.s.AnnotationConfigContextLoaderUtils - Could not detect default configuration classes for test class [org.springframework.samples.petclinic.service.userService.UserServiceSpringDataJpaTests]: UserServiceSpringDataJpaTests does not declare any static, non-private, non-final, nested classes annotated with @Configuration.
08:45:10.934 [main] INFO  o.s.b.t.c.SpringBootTestContextBootstrapper - Found @SpringBootConfiguration org.springframework.samples.petclinic.PetClinicApplication for test class org.springframework.samples.petclinic.service.userService.UserServiceSpringDataJpaTests
08:45:10.937 [main] INFO  o.s.t.c.s.AnnotationConfigContextLoaderUtils - Could not detect default configuration classes for test class [org.springframework.samples.petclinic.service.userService.UserServiceSpringDataJpaTests]: UserServiceSpringDataJpaTests does not declare any static, non-private, non-final, nested classes annotated with @Configuration.
08:45:10.938 [main] INFO  o.s.t.c.s.AnnotationConfigContextLoaderUtils - Could not detect default configuration classes for test class [org.springframework.samples.petclinic.service.userService.AbstractUserServiceTests]: AbstractUserServiceTests does not declare any static, non-private, non-final, nested classes annotated with @Configuration.
08:45:10.938 [main] INFO  o.s.b.t.c.SpringBootTestContextBootstrapper - Found @SpringBootConfiguration org.springframework.samples.petclinic.PetClinicApplication for test class org.springframework.samples.petclinic.service.userService.UserServiceSpringDataJpaTests
08:45:10.986 [main] INFO  o.s.s.petclinic.SpringConfigTests - Starting SpringConfigTests using Java 21.0.5 with PID 6384 (started by 6309487 in E:\Fall 2026\maintenance de logiciel\projet-legacy-team-a-e)
08:45:10.986 [main] DEBUG o.s.s.petclinic.SpringConfigTests - Running with Spring Boot v4.1.0, Spring v7.0.8
08:45:10.986 [main] INFO  o.s.s.petclinic.SpringConfigTests - The following 2 profiles are active: "hsqldb", "spring-data-jpa"
08:45:11.196 [main] INFO  o.s.d.r.c.RepositoryConfigurationDelegate - Bootstrapping Spring Data JPA repositories in DEFAULT mode.
08:45:11.230 [main] INFO  o.s.d.r.c.RepositoryConfigurationDelegate - Finished Spring Data repository scanning in 31 ms. Found 7 JPA repository interfaces.
08:45:11.282 [main] INFO  com.zaxxer.hikari.HikariDataSource - HikariPool-8 - Starting...
08:45:11.283 [main] INFO  com.zaxxer.hikari.pool.PoolBase - HikariPool-8 - Driver does not support get/set network timeout for connections. (feature not supported)
08:45:11.283 [main] INFO  com.zaxxer.hikari.pool.HikariPool - HikariPool-8 - Added connection org.hsqldb.jdbc.JDBCConnection@66ed5ef5
08:45:11.283 [main] INFO  com.zaxxer.hikari.HikariDataSource - HikariPool-8 - Start completed.
08:45:11.303 [main] INFO  org.hibernate.orm.jpa - HHH008540: Processing PersistenceUnitInfo [name: default]
08:45:11.324 [main] INFO  o.s.o.j.p.SpringPersistenceUnitInfo - No LoadTimeWeaver setup: ignoring JPA class transformer
08:45:11.325 [main] INFO  o.hibernate.orm.connections.pooling - HHH10001005: Database info:
	Database JDBC URL [jdbc:hsqldb:mem:petclinic]
	Database driver: HSQL Database Engine Driver
	Database dialect: HSQLDialect
	Database version: 2.7.3
	Default catalog/schema: PUBLIC/PUBLIC
	Autocommit mode: undefined/unknown
	Isolation level: READ_COMMITTED [default READ_COMMITTED]
	JDBC fetch size: none
	Pool: DataSourceConnectionProvider
	Minimum pool size: undefined/unknown
	Maximum pool size: undefined/unknown
08:45:11.374 [main] INFO  org.hibernate.orm.core - HHH000489: No JTA platform available (set 'hibernate.transaction.jta.platform' to enable JTA platform integration)
08:45:11.375 [main] INFO  o.s.o.j.LocalContainerEntityManagerFactoryBean - Initialized JPA EntityManagerFactory for persistence unit 'default'
08:45:11.500 [main] WARN  o.s.s.c.a.a.c.InitializeUserDetailsBeanManagerConfigurer$InitializeUserDetailsManagerConfigurer - Global AuthenticationManager configured with an AuthenticationProvider bean. UserDetailsService beans will not be used by Spring Security for automatically configuring username/password login. Consider removing the AuthenticationProvider bean. Alternatively, consider using the UserDetailsService in a manually instantiated DaoAuthenticationProvider. If the current configuration is intentional, to turn off this warning, increase the logging level of 'org.springframework.security.config.annotation.authentication.configuration.InitializeUserDetailsBeanManagerConfigurer' to ERROR
08:45:11.643 [main] WARN  o.s.b.s.a.UserDetailsServiceAutoConfiguration - 

Using generated security password: 3e7499bc-3ae4-4df0-8e7a-a21b19407413

This generated password is for development use only. Your security configuration must be updated before running your application in production.

08:45:11.660 [main] INFO  o.s.b.a.e.web.EndpointLinksResolver - Exposing 1 endpoint beneath base path '/actuator'
08:45:11.678 [main] INFO  o.s.s.petclinic.SpringConfigTests - Started SpringConfigTests in 0.721 seconds (process running for 26.738)
08:45:11.679 [main] WARN  o.s.c.events.SpringDocAppInitializer - SpringDoc /v3/api-docs endpoint is enabled by default. To disable it in production, set the property 'springdoc.api-docs.enabled=false'
08:45:11.679 [main] WARN  o.s.c.events.SpringDocAppInitializer - SpringDoc /swagger-ui.html endpoint is enabled by default. To disable it in production, set the property 'springdoc.swagger-ui.enabled=false'
08:45:11.886 [SpringApplicationShutdownHook] INFO  o.s.o.j.LocalContainerEntityManagerFactoryBean - Closing JPA EntityManagerFactory for persistence unit 'default'
08:45:11.924 [SpringApplicationShutdownHook] INFO  com.zaxxer.hikari.HikariDataSource - HikariPool-1 - Shutdown initiated...
08:45:11.927 [SpringApplicationShutdownHook] INFO  com.zaxxer.hikari.HikariDataSource - HikariPool-1 - Shutdown completed.
08:45:11.930 [SpringApplicationShutdownHook] INFO  o.s.o.j.LocalContainerEntityManagerFactoryBean - Closing JPA EntityManagerFactory for persistence unit 'default'
08:45:11.930 [SpringApplicationShutdownHook] INFO  com.zaxxer.hikari.HikariDataSource - HikariPool-2 - Shutdown initiated...
08:45:11.930 [SpringApplicationShutdownHook] INFO  com.zaxxer.hikari.HikariDataSource - HikariPool-2 - Shutdown completed.
08:45:11.930 [SpringApplicationShutdownHook] INFO  o.s.o.j.LocalContainerEntityManagerFactoryBean - Closing JPA EntityManagerFactory for persistence unit 'default'
08:45:11.933 [SpringApplicationShutdownHook] INFO  com.zaxxer.hikari.HikariDataSource - HikariPool-3 - Shutdown initiated...
08:45:11.933 [SpringApplicationShutdownHook] INFO  com.zaxxer.hikari.HikariDataSource - HikariPool-3 - Shutdown completed.
08:45:11.933 [SpringApplicationShutdownHook] INFO  o.s.o.j.LocalContainerEntityManagerFactoryBean - Closing JPA EntityManagerFactory for persistence unit 'default'
08:45:11.933 [SpringApplicationShutdownHook] INFO  com.zaxxer.hikari.HikariDataSource - HikariPool-4 - Shutdown initiated...
08:45:11.933 [SpringApplicationShutdownHook] INFO  com.zaxxer.hikari.HikariDataSource - HikariPool-4 - Shutdown completed.
08:45:11.937 [SpringApplicationShutdownHook] INFO  o.s.o.j.LocalContainerEntityManagerFactoryBean - Closing JPA EntityManagerFactory for persistence unit 'default'
08:45:11.937 [SpringApplicationShutdownHook] INFO  com.zaxxer.hikari.HikariDataSource - HikariPool-5 - Shutdown initiated...
08:45:11.937 [SpringApplicationShutdownHook] INFO  com.zaxxer.hikari.HikariDataSource - HikariPool-5 - Shutdown completed.
08:45:11.937 [SpringApplicationShutdownHook] INFO  o.s.o.j.LocalContainerEntityManagerFactoryBean - Closing JPA EntityManagerFactory for persistence unit 'default'
08:45:11.937 [SpringApplicationShutdownHook] INFO  com.zaxxer.hikari.HikariDataSource - HikariPool-6 - Shutdown initiated...
08:45:11.937 [SpringApplicationShutdownHook] INFO  com.zaxxer.hikari.HikariDataSource - HikariPool-6 - Shutdown completed.
08:45:11.937 [SpringApplicationShutdownHook] INFO  o.s.o.j.LocalContainerEntityManagerFactoryBean - Closing JPA EntityManagerFactory for persistence unit 'default'
08:45:11.942 [SpringApplicationShutdownHook] INFO  com.zaxxer.hikari.HikariDataSource - HikariPool-7 - Shutdown initiated...
08:45:11.943 [SpringApplicationShutdownHook] INFO  com.zaxxer.hikari.HikariDataSource - HikariPool-7 - Shutdown completed.
08:45:11.945 [SpringApplicationShutdownHook] INFO  o.s.o.j.LocalContainerEntityManagerFactoryBean - Closing JPA EntityManagerFactory for persistence unit 'default'
08:45:11.945 [SpringApplicationShutdownHook] INFO  com.zaxxer.hikari.HikariDataSource - HikariPool-8 - Shutdown initiated...
08:45:11.945 [SpringApplicationShutdownHook] INFO  com.zaxxer.hikari.HikariDataSource - HikariPool-8 - Shutdown completed.
